scope,source_group,layer,earliest_positive_ci_layer,peak_layer,fraction,fraction_ci_low,fraction_ci_high
discovery,monitoring_language,0,1,6,0.0001373116554489606,-0.0002230023216149666,0.0005596496670747811
discovery,monitoring_language,1,1,6,0.00025343358916072055,2.3389143915784566e-05,0.0004974465297649814
discovery,monitoring_language,2,1,6,0.00010856734730083083,-0.00011196334800283517,0.00040600818368292826
discovery,monitoring_language,3,1,6,3.127770336683128e-05,-0.00013907391918204743,0.00020770256232659106
discovery,monitoring_language,4,1,6,-0.0004756479614253553,-0.0007145890844702756,-0.0002748277065625779
discovery,monitoring_language,5,1,6,-1.3490225202978832e-05,-0.0003517512353198824,0.0003551271619183519
discovery,monitoring_language,6,1,6,0.007807912599634764,0.004330343567895871,0.012338821056455975
discovery,monitoring_language,7,1,6,0.001962010567685127,0.0005476648286812983,0.004595525404896354
discovery,monitoring_language,8,1,6,6.514711550382205e-05,-5.230981740482953e-05,0.00022803450326145386
discovery,monitoring_language,9,1,6,-0.0001119012525560104,-0.0002274346895451479,2.6996317277699424e-05
discovery,monitoring_language,10,1,6,0.00014596974777051047,-0.0001208106892535079,0.0005646743596641929
discovery,monitoring_language,11,1,6,0.0001506086933595455,8.175229575566238e-06,0.00031176293503486907
discovery,monitoring_language,12,1,6,0.0007660100896319609,0.0005533637221950686,0.0010197659505359665
discovery,named_concept,0,1,10,-0.00016717043935486628,-0.001211343306091796,0.0009724075498002947
discovery,named_concept,1,1,10,0.003042487699913554,0.0018047147997886856,0.004347288880959681
discovery,named_concept,2,1,10,0.0001267166702806445,-5.3082280468202954e-05,0.0003158684918459298
discovery,named_concept,3,1,10,0.0025380122985314115,0.001851232714153709,0.0033474140254538187
discovery,named_concept,4,1,10,0.005811708031177446,0.003880283675417386,0.008303435332124314
discovery,named_concept,5,1,10,0.0016552644150396767,0.0010739859365991658,0.002452410136353773
discovery,named_concept,6,1,10,0.0035336036447258766,0.0015946588259178754,0.006258048063189961
discovery,named_concept,7,1,10,0.000904650472678197,-6.000865240338643e-05,0.002107434067365793
discovery,named_concept,8,1,10,0.02324283882321303,0.016008681828031994,0.03259501941408965
discovery,named_concept,9,1,10,0.04477359062339297,0.03150408408293163,0.056437516861503466
discovery,named_concept,10,1,10,0.14314855920984904,0.12132858808633933,0.16399658446447213
discovery,named_concept,11,1,10,0.047116797702507325,0.04104015839175365,0.05376859212556166
discovery,named_concept,12,1,10,0.011446243536271954,0.008580899923417968,0.014496752499467363
discovery,trigger_other,0,4,11,-0.00010883825035541526,-0.00027070760885348604,1.8696906179886593e-05
discovery,trigger_other,1,4,11,1.0060280400255663e-06,-0.00014114542729004668,0.00011981587097702911
discovery,trigger_other,2,4,11,6.319316823206816e-05,-0.0001258588580644862,0.0002469933461258302
discovery,trigger_other,3,4,11,-4.146641201403925e-05,-0.0002132331603350544,0.00011168105989230518
discovery,trigger_other,4,4,11,0.0011174157601147399,0.0005004388503807382,0.002177372167901076
discovery,trigger_other,5,4,11,0.00047814576707849845,4.5164266594113996e-05,0.0013166938393478227
discovery,trigger_other,6,4,11,0.0035650564570701834,0.001087852389139651,0.006716079589123723
discovery,trigger_other,7,4,11,0.0005687354303883786,0.00017161425457761992,0.000986168881277384
discovery,trigger_other,8,4,11,0.004686705597988791,0.0030221677626803122,0.006106527969733121
discovery,trigger_other,9,4,11,0.01457122859307886,0.01156472848026824,0.017883560824659955
discovery,trigger_other,10,4,11,0.047425022430055905,0.042359353945896926,0.05274962555464673
discovery,trigger_other,11,4,11,0.19431250858094712,0.16564690594840675,0.22423193217054257
discovery,trigger_other,12,4,11,0.0023559517212443796,-1.6718692439497153e-06,0.004859106046552144
discovery,original_prompt,0,4,11,0.00012692693405326125,-9.708002776317915e-05,0.0003737520640776047
discovery,original_prompt,1,4,11,-0.00019084866764870588,-0.0006089576853887158,0.00022484609295951314
discovery,original_prompt,2,4,11,7.720400861534204e-05,-0.00016624876453147098,0.00035773430842187014
discovery,original_prompt,3,4,11,-5.1719429152165096e-05,-0.0005860523624983962,0.0003659339750141193
discovery,original_prompt,4,4,11,0.000823132692827364,3.2400786497050944e-06,0.0017150874831402046
discovery,original_prompt,5,4,11,0.00023791724271979178,-0.00010704065357945735,0.000593977668325885
discovery,original_prompt,6,4,11,0.0031795580616814185,0.0020347560329012047,0.004717010463192501
discovery,original_prompt,7,4,11,0.0004795109361887487,-0.00032679104455092984,0.0011611414333017936
discovery,original_prompt,8,4,11,0.004412780389100317,0.0025878622646549275,0.006077688288814977
discovery,original_prompt,9,4,11,0.018344002179803327,0.014727309721754058,0.022355277288417293
discovery,original_prompt,10,4,11,0.004879289900282388,0.0019963748932222327,0.007545285949445091
discovery,original_prompt,11,4,11,0.05697077880952125,0.04873389619781932,0.0652073226567926
discovery,original_prompt,12,4,11,0.02027109902687715,0.011580705511412262,0.03282945212706129
discovery,template,0,4,11,-0.0003975264297207087,-0.00067351219245532,-0.0001749110165048098
discovery,template,1,4,11,6.559089085891195e-05,-4.3392812189451335e-05,0.0001791929493514619
discovery,template,2,4,11,-0.00015062018126490285,-0.0003523612384038473,2.4398530562862944e-05
discovery,template,3,4,11,5.6523671842335624e-05,-0.0001458407826432749,0.00023502405549103992
discovery,template,4,4,11,0.0002581716537762163,0.00013026917773878983,0.00041429018954132414
discovery,template,5,4,11,0.0005757975002785562,0.00037937373159744475,0.0007539659887403033
discovery,template,6,4,11,-0.00027340271065424824,-0.0006952525644838921,0.00012201140292245847
discovery,template,7,4,11,0.0003007459189760603,3.650613678423067e-05,0.0006806140626106948
discovery,template,8,4,11,0.0006236765268213746,0.00020409327896179957,0.0009570846197302089
discovery,template,9,4,11,0.0015452379436341006,0.000828059368206279,0.0023729810648923416
discovery,template,10,4,11,0.0004672012516819181,-0.00043342538882650943,0.001380556177833963
discovery,template,11,4,11,0.009334501039926592,0.006548683798891718,0.012623189815932833
discovery,template,12,4,11,0.004256476554332544,0.0027126393497892086,0.0062864590689927675
discovery,response,0,6,11,9.84709108757382e-06,-0.00034281166417895326,0.00046284803450126146
discovery,response,1,6,11,5.791662994766291e-06,-0.00030787793230903197,0.0003807310902303552
discovery,response,2,6,11,-6.008099938602345e-05,-0.0004051895858630682,0.00018525588057510063
discovery,response,3,6,11,-0.00032880401271728315,-0.0006003976514769951,-0.00010873453180087896
discovery,response,4,6,11,-0.0008655895223858756,-0.0013543091847991124,-0.0003610248169931593
discovery,response,5,6,11,-0.0005086207575124466,-0.001073252912291941,-6.043580822825612e-05
discovery,response,6,6,11,0.0012306369724237706,0.0004958328065173836,0.0020771573617705346
discovery,response,7,6,11,-0.0016080849826183713,-0.004141451544744108,4.199931178520007e-05
discovery,response,8,6,11,0.0024823532571883133,-0.00033729558010897934,0.005569756171006728
discovery,response,9,6,11,0.013607747530548957,0.011134990180020184,0.015928705799727334
discovery,response,10,6,11,-0.007156186943332833,-0.011974618572923403,-0.0024433933863888973
discovery,response,11,6,11,0.0708225292773858,0.059376178220215126,0.08313838780368295
discovery,response,12,6,11,0.06803437051765489,0.056061594162053766,0.08185241608087711
discovery,trigger_instruction,0,1,11,-0.0001501141559457398,-0.0008833098008479361,0.0006494759506854485
discovery,trigger_instruction,1,1,11,0.0032744984134842224,0.0019142849846926556,0.004732725903304288
discovery,trigger_instruction,2,1,11,-6.738240748608804e-05,-0.00032263811636003764,0.00014298221304492848
discovery,trigger_instruction,3,1,11,0.00254408846842375,0.0019017957667178927,0.003256976793416603
discovery,trigger_instruction,4,1,11,0.006672906224150938,0.004262940934580142,0.009892562567536388
discovery,trigger_instruction,5,1,11,0.0021302114863069547,0.0010814231960778865,0.0039051889049217916
discovery,trigger_instruction,6,1,11,0.016293213277525455,0.009025124735018032,0.026177934905480593
discovery,trigger_instruction,7,1,11,0.0037983513092131006,0.0013268057976245904,0.0076929161248388825
discovery,trigger_instruction,8,1,11,0.031276610708732916,0.0228563811404352,0.04167574176469587
discovery,trigger_instruction,9,1,11,0.06191966295598004,0.04822519004292621,0.07437620435790752
discovery,trigger_instruction,10,1,11,0.19229141003516095,0.16998980770862254,0.21393808828715755
discovery,trigger_instruction,11,1,11,0.24808069364043162,0.21889717664072095,0.2781862491583621
discovery,trigger_instruction,12,1,11,0.01584004311776805,0.012355529965993955,0.019238435472878686
validation,monitoring_language,0,6,6,-0.0005157704943156118,-0.0009681935898552736,-0.00010512076054424791
validation,monitoring_language,1,6,6,0.0001630220439771228,-0.00012059343026747729,0.0004282512220782557
validation,monitoring_language,2,6,6,-0.00018349289694307526,-0.0005577259570641002,9.058002697817099e-05
validation,monitoring_language,3,6,6,6.339898025088077e-05,-0.00038077668375973545,0.0004607381265891488
validation,monitoring_language,4,6,6,-0.00022956334336830128,-0.0007546065461861414,0.00024399236135195154
validation,monitoring_language,5,6,6,-0.00028234448528875213,-0.0004721671828316207,-0.00011821621785653477
validation,monitoring_language,6,6,6,0.04471419227831593,0.028866371374648505,0.05682359977578475
validation,monitoring_language,7,6,6,0.0010146914475439226,0.00016017306527237827,0.0017729134389414616
validation,monitoring_language,8,6,6,-0.00045499101617066986,-0.0007986914714356254,-0.00011164060442829491
validation,monitoring_language,9,6,6,-0.0002865776052111922,-0.0007220104407082967,0.00015299853201504484
validation,monitoring_language,10,6,6,-0.000280656736932182,-0.0006625108682280708,3.453785239078591e-05
validation,monitoring_language,11,6,6,0.0012238893994463986,0.000820658295745413,0.0016397937083589768
validation,monitoring_language,12,6,6,0.003685737091847809,0.0019724171778151335,0.00567427014137699
validation,named_concept,0,3,8,-0.000498036456192536,-0.0009244588350648737,-0.00014607057138937108
validation,named_concept,1,3,8,4.4613000740954235e-05,-0.0003977848172827579,0.000376047559117235
validation,named_concept,2,3,8,-0.00014244030026317034,-0.00038338609751056537,5.3075754986850086e-05
validation,named_concept,3,3,8,0.0013269740984313083,0.0004496251177622486,0.002271293607925848
validation,named_concept,4,3,8,0.0005753582356739226,-0.00047937499654144634,0.0019152679327241915
validation,named_concept,5,3,8,0.0005025758761331714,0.00012043583921786341,0.0010147483588946607
validation,named_concept,6,3,8,0.008114677808079734,0.005941137957584948,0.01052377953268279
validation,named_concept,7,3,8,0.004199649408999842,0.0032393656809500096,0.005322347990301663
validation,named_concept,8,3,8,0.06291547837128277,0.05327211387522834,0.07507562732962879
validation,named_concept,9,3,8,0.021306816816649362,0.017850268341053882,0.02508817461150363
validation,named_concept,10,3,8,0.05635451188419901,0.048454704317381275,0.0643503943124058
validation,named_concept,11,3,8,0.018184216504074403,0.01614807239001225,0.020278884813177377
validation,named_concept,12,3,8,0.020463419746843552,0.017482418335232702,0.0240305925786319
validation,trigger_other,0,6,11,-0.000298937283552107,-0.0006229869281236598,-7.13738876541777e-05
validation,trigger_other,1,6,11,-0.00017794113597913996,-0.0004832220999494689,7.169632980350348e-05
validation,trigger_other,2,6,11,-0.0003165063593494995,-0.0007165239216603044,-4.1575200542949625e-05
validation,trigger_other,3,6,11,-0.00036404020569803997,-0.0006900256230602538,-9.687496162597252e-05
validation,trigger_other,4,6,11,-0.00010466180736163255,-0.0008297407540755194,0.00037982450239495475
validation,trigger_other,5,6,11,-3.372620191048016e-05,-0.00045429856401428044,0.0002783111063612884
validation,trigger_other,6,6,11,0.006338977458297581,0.004213843981904931,0.008543757652059438
validation,trigger_other,7,6,11,0.003932399158136839,0.002487139481104341,0.005457769995373035
validation,trigger_other,8,6,11,0.01418132148458651,0.011058385164567884,0.017686896175270486
validation,trigger_other,9,6,11,0.005601266102669669,0.004547094277835513,0.006582840131066589
validation,trigger_other,10,6,11,0.010254401229145534,0.008554328411455746,0.012174483913719622
validation,trigger_other,11,6,11,0.15966425769573434,0.14419801370485016,0.17581150522474553
validation,trigger_other,12,6,11,0.04560783092915432,0.04021674920054626,0.052170241388683966
validation,original_prompt,0,4,11,-0.00016690781487899072,-0.0004856814789807909,9.000610123463978e-05
validation,original_prompt,1,4,11,-0.00014618305494330303,-0.0004068740425951036,0.00010523258203461923
validation,original_prompt,2,4,11,-0.00032334124275940795,-0.0006226844131663332,-9.022974872222608e-05
validation,original_prompt,3,4,11,-0.0002137390976444822,-0.000660243036288338,0.0004314541280938697
validation,original_prompt,4,4,11,0.0008170410022692588,3.4945231356453e-06,0.001620352680416191
validation,original_prompt,5,4,11,6.531210527071126e-05,-0.0005552644232785356,0.0007405623682733767
validation,original_prompt,6,4,11,0.004534740539718865,0.002407963396217898,0.007025397138531801
validation,original_prompt,7,4,11,0.0010335672868646178,5.002015343680299e-05,0.0019414789889532196
validation,original_prompt,8,4,11,0.004150821872583276,-0.0002520186043347591,0.00811826182206183
validation,original_prompt,9,4,11,0.00556807009976251,0.002099298690079794,0.008525831764254142
validation,original_prompt,10,4,11,0.020619768923030555,0.013884889882454331,0.027377144417157172
validation,original_prompt,11,4,11,0.03261863116929675,0.02590062856618042,0.0396000258812544
validation,original_prompt,12,4,11,0.014673241665270845,0.010349912833323982,0.019280244964407812
validation,template,0,11,12,-0.00041170925951691876,-0.0007015961141020615,-0.00014147498331369934
validation,template,1,11,12,-0.0001733568255504359,-0.0005194376074707131,0.00010505375676173512
validation,template,2,11,12,-0.0002917021370637205,-0.0007140873099704599,5.403845033921391e-05
validation,template,3,11,12,-0.00033929667527771834,-0.0005700291392224762,-0.0001428504269781051
validation,template,4,11,12,-0.00042007837169362407,-0.0009373686886782135,-4.563749234573878e-05
validation,template,5,11,12,-0.0006721744049321448,-0.001011531240267085,-0.0003920954377771894
validation,template,6,11,12,0.001085852087469543,-0.00020083903312136252,0.002173066273576418
validation,template,7,11,12,-0.0003700491492257145,-0.000787660662548152,-1.9063074477097199e-06
validation,template,8,11,12,-0.001269185273902289,-0.001738117665185869,-0.0008171629326232373
validation,template,9,11,12,-0.0013699345493926695,-0.0027104122034020605,3.411839805071238e-05
validation,template,10,11,12,-0.0004938646456046069,-0.002456865065117987,0.0011958505607896127
validation,template,11,11,12,0.0035222782818876393,0.001692229663421244,0.005244854217804998
validation,template,12,11,12,0.007232715498555321,0.005980446525677589,0.008538454581484759
validation,response,0,6,11,-0.0002200510806404904,-0.0006240524100983062,0.00010247766329463355
validation,response,1,6,11,-0.00044224681329412967,-0.0008191362066083039,-0.00016062217915223793
validation,response,2,6,11,-0.0003779873487205317,-0.0006828028931460233,-0.00013983954092840266
validation,response,3,6,11,-0.0005244884447060623,-0.0008782511838709577,-0.00022082070874926242
validation,response,4,6,11,-0.00036345102314394004,-0.0008981825598414356,0.0001228471719829212
validation,response,5,6,11,-0.0012351889118564937,-0.0020019667189531166,-0.0006008930993400032
validation,response,6,6,11,0.0027394649547004086,0.0015235019384337153,0.003765026497478191
validation,response,7,6,11,0.0017909629153767454,-0.0013513709796355116,0.004773795565344487
validation,response,8,6,11,0.009313311471953883,0.005878050992260099,0.013245018305649616
validation,response,9,6,11,0.006931450478774271,0.0014181044069317798,0.012017201704468947
validation,response,10,6,11,-0.004606936612495302,-0.00878391227038498,-0.0013851212674084931
validation,response,11,6,11,0.08070505855441532,0.07262676427702619,0.08856081295434892
validation,response,12,6,11,0.06045037488384109,0.053147123117218725,0.0675073153071212
validation,trigger_instruction,0,1,11,-0.0007790329330267798,-0.0012851158018311623,-0.00030733489509370194
validation,trigger_instruction,1,1,11,0.0006936370492920833,0.00042801494192847776,0.0009931480862863389
validation,trigger_instruction,2,1,11,-0.00017804506742606185,-0.00046845517599038063,5.632222255964201e-05
validation,trigger_instruction,3,1,11,0.0016312559840231133,0.0005184676635571066,0.002888537185964123
validation,trigger_instruction,4,1,11,0.0011023356224879178,-2.0496791200606484e-05,0.0024160552792272024
validation,trigger_instruction,5,1,11,0.0006337887587085164,0.00019514054457790098,0.0011988240483608627
validation,trigger_instruction,6,1,11,0.0905874609756042,0.07463162252356731,0.1027503602334911
validation,trigger_instruction,7,1,11,0.010319330229847073,0.008092852785654305,0.013162090433075981
validation,trigger_instruction,8,1,11,0.07705837094918498,0.0672727457673609,0.08965191041412222
validation,trigger_instruction,9,1,11,0.02909765686731655,0.024707976362215358,0.03387654713375409
validation,trigger_instruction,10,1,11,0.07102966881822001,0.062360749206570844,0.07991758311477067
validation,trigger_instruction,11,1,11,0.18509420847766528,0.1691013043446674,0.2017493361791578
validation,trigger_instruction,12,1,11,0.0758188457449538,0.06826819453352277,0.08474167681233874
all_benign,monitoring_language,0,6,6,-0.00027828607621940366,-0.0005974336395461743,2.320118943103477e-05
all_benign,monitoring_language,1,6,6,0.0001958989694984311,-8.658562395146612e-07,0.00038842919575154575
all_benign,monitoring_language,2,6,6,-7.728917176347304e-05,-0.000329741209335044,0.00012693919081137664
all_benign,monitoring_language,3,6,6,5.171851592940826e-05,-0.0002399836113531879,0.00030951133328414366
all_benign,monitoring_language,4,6,6,-0.0003190486590254119,-0.0006622728217377395,-7.96429790731949e-06
all_benign,monitoring_language,5,6,6,-0.00018457929980301635,-0.00035935967652652454,-1.0794097647715175e-05
all_benign,monitoring_language,6,6,6,0.03129372694061369,0.02119865953882574,0.039240166074836914
all_benign,monitoring_language,7,6,6,0.0013591711275952696,0.0005548941021477072,0.0024319641545766124
all_benign,monitoring_language,8,6,6,-0.0002658498773799455,-0.0004926741359619532,-3.7650708486370056e-05
all_benign,monitoring_language,9,6,6,-0.0002230589315183989,-0.0005027260852034628,6.637107577732245e-05
all_benign,monitoring_language,10,6,6,-0.00012551983340393017,-0.0003964365098068937,0.00013163752944784504
all_benign,monitoring_language,11,6,6,0.0008336055063239066,0.0005719933295869036,0.0011031927248758965
all_benign,monitoring_language,12,6,6,0.002624018181951137,0.0015328187065336918,0.0038934245860539644
all_benign,named_concept,0,1,10,-0.00037772154097883787,-0.0008283675436384946,8.452591038453593e-05
all_benign,named_concept,1,1,10,0.001134749254985536,0.000606283039138747,0.0016526015561410313
all_benign,named_concept,2,1,10,-4.4565038247237664e-05,-0.00021283939403028907,9.807684233279999e-05
all_benign,named_concept,3,1,10,0.0017673516257404368,0.001161042460138438,0.002423185708138189
all_benign,named_concept,4,1,10,0.0024794854340388396,0.0014870318643930933,0.003729105250049078
all_benign,named_concept,5,1,10,0.0009217353448264461,0.0005906333553083274,0.001356258500324826
all_benign,named_concept,6,1,10,0.006448832657769241,0.004857531500284652,0.008290309471485381
all_benign,named_concept,7,1,10,0.003001467977610153,0.002293155275721385,0.003824273373514725
all_benign,named_concept,8,1,10,0.048489063990166496,0.04169583772976143,0.05695090141886219
all_benign,named_concept,9,1,10,0.02984018911001067,0.024669493178172217,0.0347463026588734
all_benign,named_concept,10,1,10,0.08791598363898083,0.07864404668183729,0.09696581550214678
all_benign,named_concept,11,1,10,0.028705155121686365,0.02609279339454864,0.031513796082717815
all_benign,named_concept,12,1,10,0.01718444657936297,0.014952714265136648,0.019728863040206632
all_benign,trigger_other,0,6,11,-0.00022981036238967366,-0.00044452168610691235,-7.696979223928169e-05
all_benign,trigger_other,1,6,11,-0.0001128694399721707,-0.0003164420701422569,5.236322525691639e-05
all_benign,trigger_other,2,6,11,-0.00017843380386529307,-0.00044308696224038625,1.0900101496515652e-05
all_benign,trigger_other,3,6,11,-0.00024674064435840334,-0.0004647500206006386,-6.774205936075746e-05
all_benign,trigger_other,4,6,11,0.00033973003535704835,-0.00017699502058671598,0.0008438059522205268
all_benign,trigger_other,5,6,11,0.00015240905954005753,-0.0001695086267731684,0.0005255746389236937
all_benign,trigger_other,6,6,11,0.005330278912396709,0.003671596225928239,0.007118732281495788
all_benign,trigger_other,7,6,11,0.0027092487116828533,0.0017871706523051643,0.0036739424827825712
all_benign,trigger_other,8,6,11,0.010728733889460067,0.008659425346346785,0.013037725938893071
all_benign,trigger_other,9,6,11,0.008863070644636649,0.007571330230312591,0.010222748618938701
all_benign,trigger_other,10,6,11,0.0237709907567493,0.021626369162237317,0.026106346114061704
all_benign,trigger_other,11,6,11,0.17226362165399353,0.15826464530870799,0.1873854422581017
all_benign,trigger_other,12,6,11,0.029879874853550707,0.026349805139946593,0.034187908493098114
all_benign,original_prompt,0,4,11,-6.005881526726276e-05,-0.00028146345056484506,0.0001301387094397623
all_benign,original_prompt,1,4,11,-0.0001624250959270859,-0.00038644175583697743,5.615080514946479e-05
all_benign,original_prompt,2,4,11,-0.00017768842407768067,-0.00038824763531883604,7.313611315513919e-06
all_benign,original_prompt,3,4,11,-0.00015482285455636682,-0.000502053901298555,0.0002812300953812791
all_benign,original_prompt,4,4,11,0.0008192561624722062,0.00021459177943280026,0.0014143133165049843
all_benign,original_prompt,5,4,11,0.00012807760979764965,-0.00028324739919073915,0.0005768305356079693
all_benign,original_prompt,6,4,11,0.004041946911341612,0.0026031215827908806,0.005688297050276514
all_benign,original_prompt,7,4,11,0.000832092250255211,0.0001390848600753682,0.001465735478233821
all_benign,original_prompt,8,4,11,0.004246079514953109,0.0014353795702092542,0.0068366502804758705
all_benign,original_prompt,9,4,11,0.010213863583413717,0.007601962162427938,0.012577512094429996
all_benign,original_prompt,10,4,11,0.014895958369303948,0.010456495383599539,0.01929514234785538
all_benign,original_prompt,11,4,11,0.04147395758392384,0.03621524832248223,0.046756846447354304
all_benign,original_prompt,12,4,11,0.01670882616040041,0.012300605414898292,0.022182070370802647
all_benign,template,0,11,12,-0.00040655186686375136,-0.0006124896541203715,-0.00020445785873010104
all_benign,template,1,11,12,-8.646674685612758e-05,-0.0003097347081218595,9.812042508281147e-05
all_benign,template,2,11,12,-0.00024039960768233222,-0.000520290195524694,-1.2590982115182148e-05
all_benign,template,3,11,12,-0.0001953620035976987,-0.00035991567830955353,-5.562387624000898e-05
all_benign,template,4,11,12,-0.00017344199879550034,-0.0005043825687396246,7.447660884904705e-05
all_benign,template,5,11,12,-0.00021836643940098083,-0.000445687552611846,-2.8376050014963543e-05
all_benign,template,6,11,12,0.0005915776154245279,-0.00023914474833439068,0.001306965184672239
all_benign,template,7,11,12,-0.00012612366987961457,-0.0004114415200335403,0.00014486846313920034
all_benign,template,8,11,12,-0.0005808718918209569,-0.0009179259517079683,-0.00026627641731107716
all_benign,template,9,11,12,-0.0003098718246556621,-0.0012051392835681282,0.0006261499942742227
all_benign,template,10,11,12,-0.000144386137500416,-0.0014205490340194363,0.0009822406268676393
all_benign,template,11,11,12,0.0056358138302654405,0.00407190934270914,0.007274990713139274
all_benign,template,12,11,12,0.006150446791565221,0.0051593290950581435,0.007254810139582725
all_benign,response,0,6,11,-0.00013645174546664886,-0.00043482526247209263,0.00012305819784492488
all_benign,response,1,6,11,-0.0002793237310072584,-0.0005389579209419905,-4.630363911799459e-05
all_benign,response,2,6,11,-0.00026238503987161964,-0.00048811886279369045,-7.97858600197651e-05
all_benign,response,3,6,11,-0.00045333046943741537,-0.0006989490728420015,-0.0002452444052305496
all_benign,response,4,6,11,-0.0005460468410500984,-0.0009277931524436953,-0.00018975775785455418
all_benign,response,5,6,11,-0.0009709823102768404,-0.00149327084482152,-0.00053140909862514
all_benign,response,6,6,11,0.0021908002338725404,0.001358595833700538,0.002920599498208017
all_benign,response,7,6,11,0.0005549454979239765,-0.0016350205916320468,0.0026003096659326817
all_benign,response,8,6,11,0.0068293266665845846,0.004408285992933031,0.009584634612051024
all_benign,response,9,6,11,0.009359194861237792,0.005740989316795395,0.012737360877589442
all_benign,response,10,6,11,-0.00553393673279986,-0.008758238912758837,-0.0029010231576353895
all_benign,response,11,6,11,0.07711141154458641,0.07034056121247016,0.08371230697874425
all_benign,response,12,6,11,0.06320819147795519,0.056801066768957534,0.06992767354892293
all_benign,trigger_instruction,0,1,11,-0.0005503351959064017,-0.0009706962743266281,-0.00013594982564418647
all_benign,trigger_instruction,1,1,11,0.0016321320908164974,0.0011139896801241576,0.0021977806371097264
all_benign,trigger_instruction,2,1,11,-0.00013780410017516227,-0.0003443747020584551,3.139463754190264e-05
all_benign,trigger_instruction,3,1,11,0.0019631950692597087,0.0012183535021296245,0.0027994698635428754
all_benign,trigger_instruction,4,1,11,0.0031279976594562886,0.0019709542591293053,0.004541274779678611
all_benign,trigger_instruction,5,1,11,0.0011779424778352212,0.000669327361744758,0.0019084603623770332
all_benign,trigger_instruction,6,1,11,0.06357137090357558,0.05310389890145978,0.07218445642438757
all_benign,trigger_instruction,7,1,11,0.007948065167798356,0.006188662004189189,0.010207472241063748
all_benign,trigger_instruction,8,1,11,0.060410458134475147,0.05318763656981304,0.06921724457701404
all_benign,trigger_instruction,9,1,11,0.041032931808648726,0.03539049579446757,0.04653314799899423
all_benign,trigger_instruction,10,1,11,0.11512484744256217,0.1054101646572049,0.12472247944796787
all_benign,trigger_instruction,11,1,11,0.2079983849004894,0.19363078481276239,0.22343865029256332
all_benign,trigger_instruction,12,1,11,0.05400837206234081,0.04904357396640002,0.05991285479508239
