scope,grid,direction,layer,label,component_type,contrast,control,estimate,ci_low,ci_high
discovery,correct,rescue,12,1,,attention_minus_mlp,,0.027092671544583932,0.021236052164303645,0.03267601810220457
discovery,correct,rescue,12,1,,block_minus_attention,,0.8791602674841421,0.8732318201568954,0.8849206242245264
discovery,correct,rescue,12,1,,block_minus_mlp,,0.906252939028726,0.8981578399913811,0.913911289725266
discovery,correct,rescue,12,1,,block_minus_branch_sum,,0.7854132065128681,0.7725008526241605,0.7977519969201706
discovery,correct,rescue,12,0,,attention_minus_mlp,,0.036447394989812365,0.032447140992897666,0.04052786138355847
discovery,correct,rescue,12,0,,block_minus_attention,,0.048672645868915204,0.03522750123870928,0.0636183131420779
discovery,correct,rescue,12,0,,block_minus_mlp,,0.08512004085872757,0.07005267923357046,0.10178084591736258
discovery,correct,rescue,12,0,,block_minus_branch_sum,,0.07212218606443652,0.058455726131095766,0.08737503830702945
discovery,correct,rescue,11,1,,attention_minus_mlp,,0.1657845633488068,0.15806932367222268,0.17317507705306523
discovery,correct,rescue,11,1,,block_minus_attention,,0.5088978894989334,0.4996115811318505,0.518953199621684
discovery,correct,rescue,11,1,,block_minus_mlp,,0.6746824528477402,0.6647956923289439,0.6844379308766808
discovery,correct,rescue,11,1,,block_minus_branch_sum,,0.21154602095705594,0.19256230743105246,0.23062892159509793
discovery,correct,rescue,11,0,,attention_minus_mlp,,0.008381171837209423,0.004339557616398813,0.012651400920305741
discovery,correct,rescue,11,0,,block_minus_attention,,0.015467255742519372,0.005354227743707234,0.027216638441985422
discovery,correct,rescue,11,0,,block_minus_mlp,,0.023848427579728795,0.012919271026651783,0.03592923395849343
discovery,correct,rescue,11,0,,block_minus_branch_sum,,-0.012218345538731797,-0.021806731333238787,-0.001302868214021866
discovery,correct,rescue,10,1,,attention_minus_mlp,,0.09189141862390753,0.08574441261421917,0.09783259387792613
discovery,correct,rescue,10,1,,block_minus_attention,,0.37337205956309516,0.36210401233010403,0.3843345663556118
discovery,correct,rescue,10,1,,block_minus_mlp,,0.46526347818700264,0.45471837292885364,0.47583638198266925
discovery,correct,rescue,10,1,,block_minus_branch_sum,,0.30275713061937626,0.2900473193436532,0.31533891245817003
discovery,correct,rescue,10,0,,attention_minus_mlp,,0.00839266048988823,0.003591035836698188,0.013776486046638498
discovery,correct,rescue,10,0,,block_minus_attention,,0.011415759166077458,0.006427562143912398,0.017140708124805563
discovery,correct,rescue,10,0,,block_minus_mlp,,0.01980841965596569,0.011181518868969587,0.02979734024893008
discovery,correct,rescue,10,0,,block_minus_branch_sum,,0.028851030780568575,0.023897935874983733,0.03436511638124143
discovery,correct,rescue,9,1,,attention_minus_mlp,,0.06645044205597678,0.06215962072179366,0.07082283097994255
discovery,correct,rescue,9,1,,block_minus_attention,,0.11647751375245792,0.10909209034443713,0.12402745665924036
discovery,correct,rescue,9,1,,block_minus_mlp,,0.1829279558084347,0.17403241480445952,0.19193549574908664
discovery,correct,rescue,9,1,,block_minus_branch_sum,,0.08335293152770487,0.07706614358577021,0.08967744469915584
discovery,correct,rescue,9,0,,attention_minus_mlp,,-0.0009443766726241288,-0.002748154416939165,0.001030447871527919
discovery,correct,rescue,9,0,,block_minus_attention,,-0.014032460863626015,-0.016027990109658604,-0.012092226610676018
discovery,correct,rescue,9,0,,block_minus_mlp,,-0.014976837536250143,-0.017698411313219364,-0.012149390024968496
discovery,correct,rescue,9,0,,block_minus_branch_sum,,-0.013811388302051883,-0.01560397143670076,-0.012016090255734515
discovery,correct,induction,12,1,,attention_minus_mlp,,-0.0196030513644678,-0.026553921098929442,-0.012782076703339617
discovery,correct,induction,12,1,,block_minus_attention,,0.9135752707708716,0.9069733298681338,0.919905642904732
discovery,correct,induction,12,1,,block_minus_mlp,,0.8939722194064039,0.8839494036447103,0.9039066182879779
discovery,correct,induction,12,1,,block_minus_branch_sum,,0.8075474901772756,0.792115110734233,0.8230330228416574
discovery,correct,induction,12,0,,attention_minus_mlp,,0.0530603703037865,0.04521663145247109,0.06107513989281529
discovery,correct,induction,12,0,,block_minus_attention,,0.030909956534001137,0.01987900190571415,0.04330008363601981
discovery,correct,induction,12,0,,block_minus_mlp,,0.08397032683778763,0.06940179325610182,0.09954566933910611
discovery,correct,induction,12,0,,block_minus_branch_sum,,0.053209782708582516,0.042291026774887164,0.06475680798967562
discovery,correct,induction,11,1,,attention_minus_mlp,,0.14579256735164506,0.13642947365853145,0.15481923354610305
discovery,correct,induction,11,1,,block_minus_attention,,0.5938521166753989,0.5827125183787683,0.6049495733761494
discovery,correct,induction,11,1,,block_minus_mlp,,0.7396446840270441,0.7267754926295767,0.7524708950963851
discovery,correct,induction,11,1,,block_minus_branch_sum,,0.3671893684307911,0.34399012321640016,0.39076728031261404
discovery,correct,induction,11,0,,attention_minus_mlp,,-0.0003647194964461614,-0.005328430113890625,0.004284240785990556
discovery,correct,induction,11,0,,block_minus_attention,,0.006243355581982565,-0.001192378388652336,0.014664435812483435
discovery,correct,induction,11,0,,block_minus_mlp,,0.005878636085536404,-0.0008804382959867191,0.012972249274447577
discovery,correct,induction,11,0,,block_minus_branch_sum,,-0.04650580354509409,-0.05251612967373637,-0.04126864178862466
discovery,correct,induction,10,1,,attention_minus_mlp,,0.11233972403046885,0.10606899747675509,0.11862132149121536
discovery,correct,induction,10,1,,block_minus_attention,,0.47448260512686724,0.4604891776805889,0.4883183262925655
discovery,correct,induction,10,1,,block_minus_mlp,,0.5868223291573361,0.5738832514028138,0.6001131648646143
discovery,correct,induction,10,1,,block_minus_branch_sum,,0.4127944894815142,0.3927882985810151,0.4323625009982014
discovery,correct,induction,10,0,,attention_minus_mlp,,0.02828671861666927,0.02417771994049036,0.03257322006978942
discovery,correct,induction,10,0,,block_minus_attention,,-0.004744882305626787,-0.009601884582862482,0.0004857189115905334
discovery,correct,induction,10,0,,block_minus_mlp,,0.023541836311042483,0.01609342828602922,0.03191352815603123
discovery,correct,induction,10,0,,block_minus_branch_sum,,-0.005981083758755907,-0.011520196215991037,-0.000677315608196285
discovery,correct,induction,9,1,,attention_minus_mlp,,0.08534379889816353,0.07434819310917433,0.09702500516119646
discovery,correct,induction,9,1,,block_minus_attention,,0.19214855846254555,0.18021470709029278,0.20417624511687643
discovery,correct,induction,9,1,,block_minus_mlp,,0.2774923573607091,0.2631480822282918,0.2921091831332778
discovery,correct,induction,9,1,,block_minus_branch_sum,,0.1844844780192902,0.17248275583520137,0.196507615131295
discovery,correct,induction,9,0,,attention_minus_mlp,,0.01915421091445155,0.01395418712897643,0.025155510380577475
discovery,correct,induction,9,0,,block_minus_attention,,-0.00793558938679979,-0.010670650675969059,-0.005083304543683641
discovery,correct,induction,9,0,,block_minus_mlp,,0.01121862152765176,0.00597050154482787,0.01711965118821129
discovery,correct,induction,9,0,,block_minus_branch_sum,,-0.009999567935551776,-0.013076872815583661,-0.006886965071960468
validation,correct,rescue,12,1,,attention_minus_mlp,,0.055149160481776,0.04808660466345708,0.06197043976970073
validation,correct,rescue,12,1,,block_minus_attention,,0.8367909848528906,0.8316445883358089,0.8418474097286002
validation,correct,rescue,12,1,,block_minus_mlp,,0.8919401453346666,0.884829008762297,0.8988938331258545
validation,correct,rescue,12,1,,block_minus_branch_sum,,0.7287311301875572,0.7184709698490108,0.7389266339622125
validation,correct,rescue,12,0,,attention_minus_mlp,,0.035363942892521615,0.03122689594254204,0.039388476845721686
validation,correct,rescue,12,0,,block_minus_attention,,0.10662620907027923,0.09208039228788464,0.12273243717941396
validation,correct,rescue,12,0,,block_minus_mlp,,0.14199015196280082,0.12693979236318667,0.15862218927612443
validation,correct,rescue,12,0,,block_minus_branch_sum,,0.10519597443200372,0.09180274203633527,0.12043337851963536
validation,correct,rescue,11,1,,attention_minus_mlp,,0.10917033107850216,0.10228661785748244,0.11580229185146869
validation,correct,rescue,11,1,,block_minus_attention,,0.5575552456369754,0.5485148922622445,0.5669995182737931
validation,correct,rescue,11,1,,block_minus_mlp,,0.6667255767154776,0.6571817013868471,0.6759652475196236
validation,correct,rescue,11,1,,block_minus_branch_sum,,0.3499151519857148,0.33501998387237797,0.3653108387857091
validation,correct,rescue,11,0,,attention_minus_mlp,,0.025456385184370843,0.021659705056178574,0.02936626487253054
validation,correct,rescue,11,0,,block_minus_attention,,0.06573637438342864,0.05513130720084245,0.07790274552531991
validation,correct,rescue,11,0,,block_minus_mlp,,0.09119275956779949,0.07919851977851083,0.1046628179357992
validation,correct,rescue,11,0,,block_minus_branch_sum,,0.05384434393905735,0.04479269589450503,0.06427523710666172
validation,correct,rescue,10,1,,attention_minus_mlp,,0.04012715842345125,0.032609406913477856,0.047062189095389916
validation,correct,rescue,10,1,,block_minus_attention,,0.4860939288811926,0.47580041232123266,0.4962034821497417
validation,correct,rescue,10,1,,block_minus_mlp,,0.5262210873046439,0.5153992177404976,0.5367078110466582
validation,correct,rescue,10,1,,block_minus_branch_sum,,0.447697718903305,0.43659610721281245,0.45837012935455096
validation,correct,rescue,10,0,,attention_minus_mlp,,0.013327373985260205,0.01049542583909715,0.016230393080807076
validation,correct,rescue,10,0,,block_minus_attention,,0.028702173636068765,0.02219285649887475,0.03657520495128179
validation,correct,rescue,10,0,,block_minus_mlp,,0.04202954762132897,0.03417952268087795,0.05114526381020456
validation,correct,rescue,10,0,,block_minus_branch_sum,,0.029429321670271118,0.023687761779019465,0.036594168762381245
validation,correct,rescue,9,1,,attention_minus_mlp,,0.04130955939468688,0.03787106574165591,0.044960868013546505
validation,correct,rescue,9,1,,block_minus_attention,,0.2694161088724198,0.25998313926950023,0.27876636741221583
validation,correct,rescue,9,1,,block_minus_mlp,,0.3107256682671067,0.3004166183079972,0.321187016932201
validation,correct,rescue,9,1,,block_minus_branch_sum,,0.26564391092766715,0.2555218079813071,0.2761161688230116
validation,correct,rescue,9,0,,attention_minus_mlp,,0.005547913751268913,0.004025200923887002,0.007196053317332014
validation,correct,rescue,9,0,,block_minus_attention,,0.009202908938211454,0.004766430700988356,0.01415584157564762
validation,correct,rescue,9,0,,block_minus_mlp,,0.014750822689480367,0.010001650723710186,0.01995088734886786
validation,correct,rescue,9,0,,block_minus_branch_sum,,0.013011319408810307,0.007762737220908156,0.018750795806393532
validation,correct,induction,12,1,,attention_minus_mlp,,0.046828283712440216,0.039980270111174235,0.05376612162821907
validation,correct,induction,12,1,,block_minus_attention,,0.8569601960942639,0.8493977450613219,0.864050522950819
validation,correct,induction,12,1,,block_minus_mlp,,0.9037884798067041,0.8968943100083351,0.9101951124455598
validation,correct,induction,12,1,,block_minus_branch_sum,,0.760748675900968,0.7480849634884817,0.7724574144410147
validation,correct,induction,12,0,,attention_minus_mlp,,0.043728807684108376,0.038231301276772746,0.04922012914060767
validation,correct,induction,12,0,,block_minus_attention,,0.0919523616169238,0.07852890450045943,0.10708281752636509
validation,correct,induction,12,0,,block_minus_mlp,,0.1356811693010322,0.12166219665016687,0.15106543331852315
validation,correct,induction,12,0,,block_minus_branch_sum,,0.08421314431687964,0.07252670789684212,0.09724159916005072
validation,correct,induction,11,1,,attention_minus_mlp,,0.18196328074229937,0.1752117400699505,0.18903124212470293
validation,correct,induction,11,1,,block_minus_attention,,0.6003697683473976,0.5913981414507572,0.6090327409315258
validation,correct,induction,11,1,,block_minus_mlp,,0.782333049089697,0.7755028465291927,0.7888478972660964
validation,correct,induction,11,1,,block_minus_branch_sum,,0.475409435470757,0.4609030403583614,0.48911856210792026
validation,correct,induction,11,0,,attention_minus_mlp,,0.04542040168419255,0.03939288985392101,0.05208677050803103
validation,correct,induction,11,0,,block_minus_attention,,0.053180382032415714,0.04366448842996295,0.0637687754353158
validation,correct,induction,11,0,,block_minus_mlp,,0.09860078371660826,0.08643939190895121,0.11165508991666
validation,correct,induction,11,0,,block_minus_branch_sum,,0.03678670921634804,0.02900092442940909,0.0451974339300808
validation,correct,induction,10,1,,attention_minus_mlp,,0.13013355125385387,0.1242942668570695,0.13646384210404444
validation,correct,induction,10,1,,block_minus_attention,,0.4908217097493927,0.4811072883106852,0.5006587497538517
validation,correct,induction,10,1,,block_minus_mlp,,0.6209552610032466,0.6104736582906859,0.6318972804827808
validation,correct,induction,10,1,,block_minus_branch_sum,,0.4443606332986425,0.4314497699528781,0.4573536547784584
validation,correct,induction,10,0,,attention_minus_mlp,,0.031320931437370324,0.02727103399421181,0.035623895587558366
validation,correct,induction,10,0,,block_minus_attention,,0.038970115557346294,0.031468721149515565,0.04710722447534447
validation,correct,induction,10,0,,block_minus_mlp,,0.07029104699471661,0.060426255092777915,0.08101261914119719
validation,correct,induction,10,0,,block_minus_branch_sum,,0.03825693411411309,0.03134838777407391,0.04562918332445151
validation,correct,induction,9,1,,attention_minus_mlp,,0.08546526605799915,0.08047106925886373,0.09088197659608765
validation,correct,induction,9,1,,block_minus_attention,,0.3117403680618658,0.3034278573543495,0.3203546728110985
validation,correct,induction,9,1,,block_minus_mlp,,0.397205634119865,0.3882675940095357,0.40676066780203163
validation,correct,induction,9,1,,block_minus_branch_sum,,0.17910392316313126,0.16939656315200038,0.188623058398707
validation,correct,induction,9,0,,attention_minus_mlp,,0.016858757597418284,0.014287699778192135,0.019793854782645313
validation,correct,induction,9,0,,block_minus_attention,,0.024119532997405248,0.017532336970029646,0.03144201785739142
validation,correct,induction,9,0,,block_minus_mlp,,0.04097829059482353,0.03347571469477451,0.04913416256498575
validation,correct,induction,9,0,,block_minus_branch_sum,,0.017710004263926854,0.011185253187583932,0.02438817337292315
all_benign,correct,rescue,12,1,,attention_minus_mlp,,0.04494680086825159,0.04008479614556643,0.04977108726710764
all_benign,correct,rescue,12,1,,block_minus_attention,,0.8521979967188003,0.8482995836071527,0.8560562618467227
all_benign,correct,rescue,12,1,,block_minus_mlp,,0.8971447975870518,0.8918385771184372,0.9024456195953932
all_benign,correct,rescue,12,1,,block_minus_branch_sum,,0.749342794305852,0.7413659389603451,0.7573542341678241
all_benign,correct,rescue,12,0,,attention_minus_mlp,,0.035757925473354615,0.032768233616009286,0.038745035789034786
all_benign,correct,rescue,12,0,,block_minus_attention,,0.08555218608796503,0.07490930309372582,0.0971024611173698
all_benign,correct,rescue,12,0,,block_minus_mlp,,0.12131011156131964,0.11028144603224824,0.13347493996582727
all_benign,correct,rescue,12,0,,block_minus_branch_sum,,0.09316914229834292,0.08314055301327353,0.10433588288384804
all_benign,correct,rescue,11,1,,attention_minus_mlp,,0.12975732463134018,0.12458840086101937,0.13472716494705955
all_benign,correct,rescue,11,1,,block_minus_attention,,0.5398616615867782,0.5330166456931813,0.5467689409359222
all_benign,correct,rescue,11,1,,block_minus_mlp,,0.6696189862181184,0.6626382417967027,0.6763644894040534
all_benign,correct,rescue,11,1,,block_minus_branch_sum,,0.29959910433892956,0.28781116552476865,0.3116497877826277
all_benign,correct,rescue,11,0,,attention_minus_mlp,,0.019247216694493967,0.016379472689709924,0.022131463341906
all_benign,correct,rescue,11,0,,block_minus_attention,,0.047456694877643445,0.03959158656436104,0.05626725980066224
all_benign,correct,rescue,11,0,,block_minus_mlp,,0.06670391157213741,0.05804378290448608,0.07646793283939789
all_benign,correct,rescue,11,0,,block_minus_branch_sum,,0.029821547765315835,0.022996007687695264,0.03748366945153266
all_benign,correct,rescue,10,1,,attention_minus_mlp,,0.058950525769071706,0.053708963561182176,0.06386988005685448
all_benign,correct,rescue,10,1,,block_minus_attention,,0.4451041582200663,0.4373933356726349,0.4526666748751249
all_benign,correct,rescue,10,1,,block_minus_mlp,,0.504054683989138,0.4962375256794093,0.5116602727628492
all_benign,correct,rescue,10,1,,block_minus_branch_sum,,0.3949920504364219,0.3864224432061487,0.40320900277072874
all_benign,correct,rescue,10,0,,attention_minus_mlp,,0.011532932714215849,0.008978232968799415,0.014219842423642834
all_benign,correct,rescue,10,0,,block_minus_attention,,0.022416204737890105,0.017834516204469606,0.027872250440420156
all_benign,correct,rescue,10,0,,block_minus_mlp,,0.033949137452105954,0.028014491616359948,0.04070359425004758
all_benign,correct,rescue,10,0,,block_minus_branch_sum,,0.029219034074015646,0.025169910917720504,0.034187372765390786
all_benign,correct,rescue,9,1,,attention_minus_mlp,,0.05045169854424685,0.047729544636572405,0.05322984579501039
all_benign,correct,rescue,9,1,,block_minus_attention,,0.21380207428334275,0.20734412933992577,0.22037303171246853
all_benign,correct,rescue,9,1,,block_minus_mlp,,0.2642537728275896,0.2570950691268662,0.2716693496800629
all_benign,correct,rescue,9,1,,block_minus_branch_sum,,0.1993562820549536,0.19261557041186858,0.20634280279685321
all_benign,correct,rescue,9,0,,attention_minus_mlp,,0.0031870808698532616,0.0020396733556649733,0.004451684355589411
all_benign,correct,rescue,9,0,,block_minus_attention,,0.0007536835557251032,-0.002136861939585766,0.003926464437664338
all_benign,correct,rescue,9,0,,block_minus_mlp,,0.003940764425578365,0.0007252355440434578,0.007388674679424304
all_benign,correct,rescue,9,0,,block_minus_branch_sum,,0.0032576075139513303,-0.00016850429991874304,0.006988888596224671
all_benign,correct,induction,12,1,,attention_minus_mlp,,0.02267143459356459,0.017648586302137694,0.02779041700134223
all_benign,correct,induction,12,1,,block_minus_attention,,0.8775474959766667,0.8722117565985602,0.882577379846199
all_benign,correct,induction,12,1,,block_minus_mlp,,0.9002189305702313,0.8945446256781417,0.9057046212386437
all_benign,correct,induction,12,1,,block_minus_branch_sum,,0.777766426546898,0.7679857296690783,0.7870555509704483
all_benign,correct,induction,12,0,,attention_minus_mlp,,0.04712210318217314,0.042640199447300735,0.051594462483814135
all_benign,correct,induction,12,0,,block_minus_attention,,0.06975512340495192,0.06017005758807242,0.08036232397894141
all_benign,correct,induction,12,0,,block_minus_mlp,,0.11687722658712506,0.10650257609552775,0.1282133086716324
all_benign,correct,induction,12,0,,block_minus_branch_sum,,0.07293919464113523,0.06451225016563633,0.08234826160331847
all_benign,correct,induction,11,1,,attention_minus_mlp,,0.16881029405478876,0.16337918009348754,0.1743413746410668
all_benign,correct,induction,11,1,,block_minus_attention,,0.5979997131939436,0.59112213411601,0.6047631516110888
all_benign,correct,induction,11,1,,block_minus_mlp,,0.7668100072487325,0.760354293625287,0.7730222050603246
all_benign,correct,induction,11,1,,block_minus_branch_sum,,0.43605668381986035,0.42365335625154305,0.44831573974824823
all_benign,correct,induction,11,0,,attention_minus_mlp,,0.028771266709414836,0.024506896441955594,0.03326228914948163
all_benign,correct,induction,11,0,,block_minus_attention,,0.0361123724140764,0.02936764828998958,0.04355694116444979
all_benign,correct,induction,11,0,,block_minus_mlp,,0.06488363912349124,0.05667571660218783,0.07365172815391034
all_benign,correct,induction,11,0,,block_minus_branch_sum,,0.006498522757641817,0.0011351056859497525,0.012191501744474297
all_benign,correct,induction,10,1,,attention_minus_mlp,,0.12366306862716839,0.11927932568546579,0.12825251624983183
all_benign,correct,induction,10,1,,block_minus_attention,,0.48488021715938345,0.4768143858804798,0.49294916248058246
all_benign,correct,induction,10,1,,block_minus_mlp,,0.6085432857865518,0.60027500924479,0.6169091362664932
all_benign,correct,induction,10,1,,block_minus_branch_sum,,0.4328820355469595,0.42190433843364433,0.4436623959455989
all_benign,correct,induction,10,0,,attention_minus_mlp,,0.030217581320751755,0.027178866216473405,0.033426490629298596
all_benign,correct,induction,10,0,,block_minus_attention,,0.02307375269808336,0.01796351123164987,0.028509917515176262
all_benign,correct,induction,10,0,,block_minus_mlp,,0.05329133401883512,0.046364799446323816,0.06082460565011244
all_benign,correct,induction,10,0,,block_minus_branch_sum,,0.02217038216034255,0.01734667981428539,0.02722893906115489
all_benign,correct,induction,9,1,,attention_minus_mlp,,0.08542109618169533,0.08024317961084054,0.09096317430453184
all_benign,correct,induction,9,1,,block_minus_attention,,0.2682524372984766,0.2614863607536309,0.2751771184381925
all_benign,correct,induction,9,1,,block_minus_mlp,,0.35367353348017194,0.3459375187818738,0.3616385614490498
all_benign,correct,induction,9,1,,block_minus_branch_sum,,0.18106048856537085,0.17356917677228742,0.18864284156830724
all_benign,correct,induction,9,0,,attention_minus_mlp,,0.01769346789452129,0.015138527307236685,0.02047676266505372
all_benign,correct,induction,9,0,,block_minus_attention,,0.012463124857694324,0.008088616313820074,0.017206171175933867
all_benign,correct,induction,9,0,,block_minus_mlp,,0.030156592752215616,0.024962240617718293,0.035725434348738684
all_benign,correct,induction,9,0,,block_minus_branch_sum,,0.007633796191389169,0.0033313915729098597,0.012070240870504966
discovery,,,12,,attn_out,,selected_minus_mean_random_layers,0.11116719965844793,0.10578419817028209,0.11663254666764315
discovery,,,11,,attn_out,,selected_minus_mean_random_layers,0.45346389903327433,0.4423741065507186,0.46382744004673204
discovery,,,10,,attn_out,,selected_minus_mean_random_layers,0.15283381471021643,0.14553916431613703,0.1599334268474401
discovery,,,9,,attn_out,,selected_minus_mean_random_layers,0.08990249142331982,0.08537312825154195,0.09448320842579007
discovery,,,12,,mlp_out,,selected_minus_mean_random_layers,0.09005931469931493,0.08271077327996194,0.09784227691940782
discovery,,,11,,mlp_out,,selected_minus_mean_random_layers,0.29366412226991845,0.28295827415926844,0.3045498397118424
discovery,,,10,,mlp_out,,selected_minus_mean_random_layers,0.06692718267175982,0.061546323899677666,0.07232257826739358
discovery,,,9,,mlp_out,,selected_minus_mean_random_layers,0.02943683595279397,0.027509585093699156,0.03144911295975373
discovery,,,12,,block_output,,selected_minus_mean_random_layers,0.9767564600849654,0.9745774147036053,0.9788436575643473
discovery,,,11,,block_output,,selected_minus_mean_random_layers,0.9487907814745832,0.9455711700784838,0.9517423585888521
discovery,,,10,,block_output,,selected_minus_mean_random_layers,0.512634867215687,0.5028944025507044,0.5224742407565468
discovery,,,9,,block_output,,selected_minus_mean_random_layers,0.1928089981181532,0.1840676257367453,0.20165070260153892
discovery,,,12,,attn_out,,correct_minus_irrelevant_trigger,0.04099014687645182,0.036218522781612326,0.04570966968858713
discovery,,,12,,mlp_out,,correct_minus_irrelevant_trigger,0.002742063446925458,-0.00346456975426433,0.0091658562033005
discovery,,,12,,block_output,,correct_minus_irrelevant_trigger,0.5703464938451973,0.5621687346962922,0.5792291458152558
discovery,,,11,,attn_out,,correct_minus_irrelevant_trigger,0.2159457441824863,0.20663032231529999,0.22526401465066515
discovery,,,11,,mlp_out,,correct_minus_irrelevant_trigger,0.17527989034552288,0.16609401473667199,0.18457189628524265
discovery,,,11,,block_output,,correct_minus_irrelevant_trigger,0.5758956178651038,0.5677227371336375,0.5849439673767468
discovery,,,10,,attn_out,,correct_minus_irrelevant_trigger,0.09763630854454519,0.08997154937426564,0.1052353604990209
discovery,,,10,,mlp_out,,correct_minus_irrelevant_trigger,0.036220392781021564,0.030640370859635856,0.04172696507819077
discovery,,,10,,block_output,,correct_minus_irrelevant_trigger,0.3544586852790088,0.3430341775131318,0.3661124520623694
discovery,,,9,,attn_out,,correct_minus_irrelevant_trigger,0.041903601384149336,0.03666403507198152,0.04693658996239008
discovery,,,9,,mlp_out,,correct_minus_irrelevant_trigger,0.027002904265008155,0.024821997937852495,0.02927477198368863
discovery,,,9,,block_output,,correct_minus_irrelevant_trigger,0.09391365844606112,0.0844636988329377,0.10344839127280435
validation,,,12,,attn_out,,correct_minus_irrelevant_trigger,0.08230857350489167,0.07657265663456449,0.08810032911715074
validation,,,12,,mlp_out,,correct_minus_irrelevant_trigger,0.05780095260208292,0.05002424947563257,0.06570244158173974
validation,,,12,,block_output,,correct_minus_irrelevant_trigger,0.7245928729797098,0.6999250555581615,0.7550430832372153
validation,,,11,,attn_out,,correct_minus_irrelevant_trigger,0.2284735746590435,0.21961356792553255,0.23713667410256103
validation,,,11,,mlp_out,,correct_minus_irrelevant_trigger,0.153398857298232,0.14525890334474906,0.16151145670425127
validation,,,11,,block_output,,correct_minus_irrelevant_trigger,0.5777278415758993,0.5590174388890913,0.5997380202878173
validation,,,10,,attn_out,,correct_minus_irrelevant_trigger,0.031339588759847214,0.024869942887922512,0.038332719042996344
validation,,,10,,mlp_out,,correct_minus_irrelevant_trigger,0.020641783761755822,0.016003624700126073,0.0255914574787668
validation,,,10,,block_output,,correct_minus_irrelevant_trigger,0.28818609663065814,0.2712218564257097,0.30766645533407766
validation,,,9,,attn_out,,correct_minus_irrelevant_trigger,-0.009009023835966572,-0.015315808285856837,-0.0017965274684501966
validation,,,9,,mlp_out,,correct_minus_irrelevant_trigger,-0.025343383856159207,-0.029938318458580186,-0.021139291022199806
validation,,,9,,block_output,,correct_minus_irrelevant_trigger,0.07537822681151318,0.06231561321508547,0.0885118262354341
all_benign,,,12,,attn_out,,correct_minus_irrelevant_trigger,0.06728369109454987,0.06320931305477223,0.07141812945707468
all_benign,,,12,,mlp_out,,correct_minus_irrelevant_trigger,0.037779538363843845,0.0323470671767088,0.04324990424943061
all_benign,,,12,,block_output,,correct_minus_irrelevant_trigger,0.6685032805671598,0.6525432609637826,0.6881719977943059
all_benign,,,11,,attn_out,,correct_minus_irrelevant_trigger,0.22391799994029546,0.21747621963567515,0.23044367866627802
all_benign,,,11,,mlp_out,,correct_minus_irrelevant_trigger,0.16135559658815601,0.15534284443757454,0.16751478862168795
all_benign,,,11,,block_output,,correct_minus_irrelevant_trigger,0.577061578408337,0.5646347476327217,0.5914549154653408
all_benign,,,10,,attn_out,,correct_minus_irrelevant_trigger,0.055447486863373745,0.050470026378554855,0.06068692160752049
all_benign,,,10,,mlp_out,,correct_minus_irrelevant_trigger,0.026306732496034275,0.02268381862810698,0.030053857554908168
all_benign,,,10,,block_output,,correct_minus_irrelevant_trigger,0.312285219775513,0.3007547113863592,0.3253234116335991
all_benign,,,9,,attn_out,,correct_minus_irrelevant_trigger,0.0095046580622574,0.005114212177397093,0.014446986541052238
all_benign,,,9,,mlp_out,,correct_minus_irrelevant_trigger,-0.006308369993916525,-0.009316534685082702,-0.003525345874538768
all_benign,,,9,,block_output,,correct_minus_irrelevant_trigger,0.08211838376953065,0.07321139153192659,0.09112433674287397
