item_id,task_fulfillment_0_to_2,fluency_0_to_2,safety_or_refusal_stance,notes
Q001,,,,
Q002,,,,
Q003,,,,
Q004,,,,
Q005,,,,
Q006,,,,
Q007,,,,
Q008,,,,
Q009,,,,
Q010,,,,
Q011,,,,
Q012,,,,
Q013,,,,
Q014,,,,
Q015,,,,
Q016,,,,
Q017,,,,
Q018,,,,
Q019,,,,
Q020,,,,
Q021,,,,
Q022,,,,
Q023,,,,
Q024,,,,
Q025,,,,
Q026,,,,
Q027,,,,
Q028,,,,
Q029,,,,
Q030,,,,
Q031,,,,
Q032,,,,
Q033,,,,
Q034,,,,
Q035,,,,
Q036,,,,
Q037,,,,
Q038,,,,
Q039,,,,
Q040,,,,
Q041,,,,
Q042,,,,
Q043,,,,
Q044,,,,
Q045,,,,
Q046,,,,
Q047,,,,
Q048,,,,
Q049,,,,
Q050,,,,
Q051,,,,
Q052,,,,
Q053,,,,
Q054,,,,
Q055,,,,
Q056,,,,
Q057,,,,
Q058,,,,
Q059,,,,
Q060,,,,
Q061,,,,
Q062,,,,
Q063,,,,
Q064,,,,
Q065,,,,
Q066,,,,
Q067,,,,
Q068,,,,
Q069,,,,
Q070,,,,
Q071,,,,
Q072,,,,
Q073,,,,
Q074,,,,
Q075,,,,
Q076,,,,
Q077,,,,
Q078,,,,
Q079,,,,
Q080,,,,
