group_id,group_role,set_size,scope,label,concept_count,positive_concept_count,fraction,ci_low,ci_high
selected_k1,selected_prefix,1,discovery,1,4,4,0.2973683003965076,0.28650113133541727,0.3084728579705357
selected_k1,selected_prefix,1,discovery,0,4,4,0.027725485598922902,0.02286274357684221,0.03296016732709464
selected_k2,selected_prefix,2,discovery,1,4,4,0.48550578791372245,0.4721647186081054,0.4989282284898593
selected_k2,selected_prefix,2,discovery,0,4,4,0.048027582727250474,0.04224235082579731,0.054255207852749676
selected_k4,selected_prefix,4,discovery,1,4,4,0.7292558237143407,0.7169854308467699,0.7412527419772696
selected_k4,selected_prefix,4,discovery,0,4,4,0.06923266837502201,0.05961932707285841,0.0800981382306801
selected_k8,selected_prefix,8,discovery,1,4,4,0.856686931849852,0.847373791974822,0.865598984199634
selected_k8,selected_prefix,8,discovery,0,4,3,0.04365540132395706,0.03191415541130035,0.056623215757507485
selected_k16,selected_prefix,16,discovery,1,4,4,0.9262216057823933,0.9202421960811845,0.9317658918271907
selected_k16,selected_prefix,16,discovery,0,4,3,0.060898707203827444,0.04690670673696835,0.07648049189307728
random_k1,random_prefix,1,discovery,1,4,1,-0.004784525214739224,-0.005136048891293151,-0.004435523458640626
random_k1,random_prefix,1,discovery,0,4,2,-0.00120348239160046,-0.0014612064828517526,-0.0009252179713340674
random_k2,random_prefix,2,discovery,1,4,2,-0.0030883691888668437,-0.003488635237769081,-0.0026781994024490737
random_k2,random_prefix,2,discovery,0,4,3,-0.001994425413583109,-0.002419510084827911,-0.0015399541336778319
random_k4,random_prefix,4,discovery,1,4,2,-0.005187873128718351,-0.005817290889329055,-0.004565598352105518
random_k4,random_prefix,4,discovery,0,4,2,-0.0022009367854583547,-0.002672782918031901,-0.0016606021524829182
random_k8,random_prefix,8,discovery,1,4,3,0.0031941034302272273,0.001959923911386981,0.004412625267196305
random_k8,random_prefix,8,discovery,0,4,4,0.0008007235250062496,-7.319796510435419e-05,0.0017415239979478908
random_k16,random_prefix,16,discovery,1,4,3,-0.016176284007283367,-0.018086921606112787,-0.014256107765981726
random_k16,random_prefix,16,discovery,0,4,2,-0.02720404710743253,-0.029071444511487937,-0.025335675279283695
all_layer11_components,full_relevant_block,17,discovery,1,4,4,0.6255208611110634,0.6119174783527015,0.6388934353450478
all_layer11_components,full_relevant_block,17,discovery,0,4,4,0.0457405146499923,0.037918420089313426,0.05404838513850299
control_outside_layer11_k17,full_block_control,17,discovery,1,4,3,-0.023406748108391915,-0.025323966797745713,-0.02153262462656239
control_outside_layer11_k17,full_block_control,17,discovery,0,4,2,-0.03423134470302955,-0.03700286742261583,-0.03173397809509429
resid_post_layer12_positive_control,positive_control,1,discovery,1,4,4,1.0,1.0,1.0
resid_post_layer12_positive_control,positive_control,1,discovery,0,4,3,0.06167926466858005,0.04699365373994197,0.07789399923986169
selected_k1,selected_prefix,1,validation,1,7,7,0.20762885065925532,0.19930679068571325,0.2159191986745484
selected_k1,selected_prefix,1,validation,0,7,5,0.011909434080558971,0.008894767419091251,0.015180680940827973
selected_k2,selected_prefix,2,validation,1,7,7,0.28799831185044644,0.2794002012708615,0.29654288195163747
selected_k2,selected_prefix,2,validation,0,7,6,0.030481952366815217,0.026039740346632076,0.03519617390566722
selected_k4,selected_prefix,4,validation,1,7,7,0.4347500170894371,0.42541752497418805,0.4436912885728959
selected_k4,selected_prefix,4,validation,0,7,7,0.069517172374727,0.06137074680224511,0.07829619863962585
selected_k8,selected_prefix,8,validation,1,7,7,0.5998721037764507,0.5903594317855658,0.6087562148327751
selected_k8,selected_prefix,8,validation,0,7,7,0.07925360115441929,0.06864025485810783,0.09072020526779905
selected_k16,selected_prefix,16,validation,1,7,7,0.8197567205649313,0.8103343185313314,0.8284547284094568
selected_k16,selected_prefix,16,validation,0,7,7,0.10756915899382795,0.09445698028616475,0.12182396382792905
random_k1,random_prefix,1,validation,1,7,1,-0.02925313205737965,-0.03213503782106736,-0.02669830719289785
random_k1,random_prefix,1,validation,0,7,4,-0.0034880639467185703,-0.0047034196772428915,-0.002446990506405035
random_k2,random_prefix,2,validation,1,7,1,-0.02763177939470515,-0.030246766416286156,-0.025296690048971292
random_k2,random_prefix,2,validation,0,7,2,-0.003995148640423278,-0.005190257594486077,-0.0029686396247162673
random_k4,random_prefix,4,validation,1,7,1,-0.028900260994048327,-0.032314474691328685,-0.025985208380269135
random_k4,random_prefix,4,validation,0,7,4,-0.0037685226056356834,-0.005159512859025454,-0.002500215435269248
random_k8,random_prefix,8,validation,1,7,3,-0.022681606709263856,-0.026129837873072097,-0.019727474134168126
random_k8,random_prefix,8,validation,0,7,4,-0.0017951748187434963,-0.0035084980787974617,-0.00026713707803612127
random_k16,random_prefix,16,validation,1,7,2,-0.03691542934983349,-0.04094283317437586,-0.033443666494611585
random_k16,random_prefix,16,validation,0,7,2,-0.010492187699869886,-0.012425626547741653,-0.0087078892400834
all_layer11_components,full_relevant_block,17,validation,1,7,7,0.4263726209025643,0.4161191921151146,0.43604466561947297
all_layer11_components,full_relevant_block,17,validation,0,7,6,0.044825015305979876,0.039140614607615136,0.0508334457109412
control_outside_layer11_k17,full_block_control,17,validation,1,7,1,-0.03479754349091767,-0.038836055141875624,-0.03125432682590533
control_outside_layer11_k17,full_block_control,17,validation,0,7,2,-0.011832008866176488,-0.013993024948950895,-0.00990936256350418
resid_post_layer12_positive_control,positive_control,1,validation,1,7,7,1.0,1.0,1.0
resid_post_layer12_positive_control,positive_control,1,validation,0,7,7,0.14346878350854952,0.12751994417073015,0.16103077911024416
selected_k1,selected_prefix,1,all_benign,1,11,11,0.24026137783643794,0.23359408854347685,0.2469800456830334
selected_k1,selected_prefix,1,all_benign,0,11,9,0.01766072554178222,0.015067816109543442,0.020450894888366242
selected_k2,selected_prefix,2,all_benign,1,11,11,0.3598192122370923,0.35243457235077663,0.36714622357755017
selected_k2,selected_prefix,2,all_benign,0,11,10,0.03686218158879168,0.03334337134773258,0.04062349963715652
selected_k4,selected_prefix,4,all_benign,1,11,11,0.5418430376803111,0.5343021151523935,0.549074049951258
selected_k4,selected_prefix,4,all_benign,0,11,11,0.06941371637483428,0.06316295064853052,0.07632114216775286
selected_k8,selected_prefix,8,all_benign,1,11,11,0.6932593139849601,0.6863993628743991,0.6999001381285372
selected_k8,selected_prefix,8,all_benign,0,11,10,0.0663088012160694,0.058350484549511916,0.0751362491003983
selected_k16,selected_prefix,16,all_benign,1,11,11,0.8584712242803721,0.8521790397343679,0.8644554498152798
selected_k16,selected_prefix,16,all_benign,0,11,10,0.09059808561564596,0.08074272116151482,0.10140606377345772
random_k1,random_prefix,1,all_benign,1,11,2,-0.02035545684187404,-0.022191400555851237,-0.018726312229299043
random_k1,random_prefix,1,all_benign,0,11,6,-0.002657307017584712,-0.003428828236672163,-0.0019890285008627487
random_k2,random_prefix,2,all_benign,1,11,3,-0.018706902956218494,-0.020374823955059216,-0.017220031349743908
random_k2,random_prefix,2,all_benign,0,11,5,-0.0032676129215723076,-0.0040351075236932776,-0.002597647828200487
random_k4,random_prefix,4,all_benign,1,11,3,-0.0202775744975647,-0.022452843095464164,-0.018414054391966455
random_k4,random_prefix,4,all_benign,0,11,6,-0.0031984913982984727,-0.004093031260926081,-0.0023716282569274053
random_k8,random_prefix,8,all_benign,1,11,6,-0.013272257567630735,-0.015500526303043178,-0.011327024521642748
random_k8,random_prefix,8,all_benign,0,11,8,-0.0008512117846526794,-0.0019708912605711543,0.00019376517815671815
random_k16,random_prefix,16,all_benign,1,11,5,-0.02937392195254254,-0.032037326192316355,-0.02702808217067675
random_k16,random_prefix,16,all_benign,0,11,4,-0.016569227484438117,-0.017976639385110193,-0.01527834311224423
all_layer11_components,full_relevant_block,17,all_benign,1,11,11,0.49879016279656396,0.49057010828063424,0.5067600455591236
all_layer11_components,full_relevant_block,17,all_benign,0,11,10,0.04515792415834803,0.04059825636955634,0.049953596286139865
control_outside_layer11_k17,full_block_control,17,all_benign,1,11,4,-0.030655436079090114,-0.03335148929100048,-0.028367224633966903
control_outside_layer11_k17,full_block_control,17,all_benign,0,11,4,-0.01997722189775942,-0.021648835559870256,-0.018468660455722742
resid_post_layer12_positive_control,positive_control,1,all_benign,1,11,11,1.0,1.0,1.0
resid_post_layer12_positive_control,positive_control,1,all_benign,0,11,10,0.11372714029401516,0.10217081214605467,0.12629128312722343
