group_id,group_role,set_size,scope,label,concept_count,nll_change,ci_low,ci_high
selected_k1,selected_prefix,1,discovery,1,4,-0.028698734939098358,-0.03151102364063263,-0.025886446237564087
selected_k1,selected_prefix,1,discovery,0,4,-0.014627858996391296,-0.030043303966522217,0.0001474320888519287
selected_k2,selected_prefix,2,discovery,1,4,-0.06520948931574821,-0.06929581984877586,-0.061123158782720566
selected_k2,selected_prefix,2,discovery,0,4,-0.030870705842971802,-0.056255728006362915,-0.0054856836795806885
selected_k4,selected_prefix,4,discovery,1,4,-0.09827446192502975,-0.11557472497224808,-0.08097419887781143
selected_k4,selected_prefix,4,discovery,0,4,-0.0618211030960083,-0.093971848487854,-0.029777199029922485
selected_k8,selected_prefix,8,discovery,1,4,-0.109746303409338,-0.13868596777319908,-0.08080663904547691
selected_k8,selected_prefix,8,discovery,0,4,-0.048642486333847046,-0.1002015769481659,-0.00016129016876220703
selected_k16,selected_prefix,16,discovery,1,4,-0.11619308218359947,-0.1538235805928707,-0.07856258377432823
selected_k16,selected_prefix,16,discovery,0,4,-0.061773791909217834,-0.11511163413524628,-0.008435949683189392
random_k1,random_prefix,1,discovery,1,4,0.004200216382741928,0.0013990332372486637,0.007198534905910492
random_k1,random_prefix,1,discovery,0,4,0.0002913624048233032,-0.000977843999862671,0.0015605688095092773
random_k2,random_prefix,2,discovery,1,4,0.00311245396733284,0.0002572089433670044,0.006146907806396484
random_k2,random_prefix,2,discovery,0,4,-0.0013410449028015137,-0.005348622798919678,0.002719104290008545
random_k4,random_prefix,4,discovery,1,4,0.0038257427513599396,0.0008543618023395538,0.006797123700380325
random_k4,random_prefix,4,discovery,0,4,0.0013483315706253052,-0.0019663870334625244,0.004663050174713135
random_k8,random_prefix,8,discovery,1,4,0.003906775265932083,0.0008987515233457109,0.0070043280720710754
random_k8,random_prefix,8,discovery,0,4,-0.015095636248588562,-0.033055275678634644,0.0028640031814575195
random_k16,random_prefix,16,discovery,1,4,0.0031899288296699524,-0.0004542246460914612,0.006834082305431366
random_k16,random_prefix,16,discovery,0,4,-0.013470277190208435,-0.028294280171394348,0.001413792371749878
all_layer11_components,full_relevant_block,17,discovery,1,4,-0.08779497817158699,-0.09928129613399506,-0.07630866020917892
all_layer11_components,full_relevant_block,17,discovery,0,4,-0.045599088072776794,-0.07464495301246643,-0.016553223133087158
control_outside_layer11_k17,full_block_control,17,discovery,1,4,-0.0009554289281368256,-0.004434715956449509,0.002800591289997101
control_outside_layer11_k17,full_block_control,17,discovery,0,4,-0.008759692311286926,-0.015395671129226685,-0.002123713493347168
resid_post_layer12_positive_control,positive_control,1,discovery,1,4,-0.12931492924690247,-0.17114493250846863,-0.0874849259853363
resid_post_layer12_positive_control,positive_control,1,discovery,0,4,-0.08453026413917542,-0.1341155469417572,-0.037110716104507446
selected_k1,selected_prefix,1,validation,1,7,-0.03121272155216762,-0.03794369527271816,-0.024634684835161482
selected_k1,selected_prefix,1,validation,0,7,-0.010644444397517614,-0.029659041336604526,0.007958999701908656
selected_k2,selected_prefix,2,validation,1,7,-0.039546434368406026,-0.04724499583244324,-0.03184787290436881
selected_k2,selected_prefix,2,validation,0,7,-0.014610494886125838,-0.03653810705457415,0.006933901991162982
selected_k4,selected_prefix,4,validation,1,7,-0.061511337757110596,-0.07392085450036186,-0.049299384866441996
selected_k4,selected_prefix,4,validation,0,7,-0.03623629467827933,-0.06724825927189418,-0.005390921660832006
selected_k8,selected_prefix,8,validation,1,7,-0.07721128846917834,-0.09606187045574188,-0.05826021305152348
selected_k8,selected_prefix,8,validation,0,7,-0.05305353232792446,-0.1003262996673584,-0.005932739802769252
selected_k16,selected_prefix,16,validation,1,7,-0.11157555878162384,-0.13275938374655588,-0.0904650092124939
selected_k16,selected_prefix,16,validation,0,7,-0.07566059487206596,-0.12830842392785208,-0.022904166153499057
random_k1,random_prefix,1,validation,1,7,0.003190557871546064,0.00013666067804609026,0.006035405557070457
random_k1,random_prefix,1,validation,0,7,0.009501091071537562,0.000974254948752267,0.01793617010116577
random_k2,random_prefix,2,validation,1,7,0.002176857420376369,-0.0002790987491607666,0.004569394247872489
random_k2,random_prefix,2,validation,0,7,0.00886005163192749,-0.0008202110018048968,0.018540314265659878
random_k4,random_prefix,4,validation,1,7,0.003559849091938564,0.0008804769388266973,0.0062193913119179866
random_k4,random_prefix,4,validation,0,7,0.012952617236546107,0.0035563622202192035,0.022306059088025774
random_k8,random_prefix,8,validation,1,7,0.003429370267050607,-0.0027940460613795678,0.009442320891789027
random_k8,random_prefix,8,validation,0,7,0.014103591442108154,0.002204348785536631,0.02597928898675101
random_k16,random_prefix,16,validation,1,7,0.0061206987925938195,4.0411949157714844e-05,0.01214078494480678
random_k16,random_prefix,16,validation,0,7,0.022572636604309082,0.006657990387507849,0.0384214345897947
all_layer11_components,full_relevant_block,17,validation,1,7,-0.05764623199190412,-0.06819152129547937,-0.0471304897751127
all_layer11_components,full_relevant_block,17,validation,0,7,-0.03492011342729841,-0.06892481020518712,-0.0010410440819604199
control_outside_layer11_k17,full_block_control,17,validation,1,7,-0.004478394985198975,-0.013910855565752302,0.0048884366239820105
control_outside_layer11_k17,full_block_control,17,validation,0,7,0.015414868082318987,-0.0014600838933672225,0.03217152186802456
resid_post_layer12_positive_control,positive_control,1,validation,1,7,-0.14104056996958597,-0.1559216056551252,-0.12615989574364253
resid_post_layer12_positive_control,positive_control,1,validation,0,7,-0.09816440514155797,-0.15772960867200578,-0.03768929413386753
selected_k1,selected_prefix,1,all_benign,1,11,-0.030298544601960617,-0.03471756482666189,-0.025951166857372632
selected_k1,selected_prefix,1,all_benign,0,11,-0.012092958797108044,-0.02550741989504207,0.001006211475892493
selected_k2,selected_prefix,2,all_benign,1,11,-0.04887845434925773,-0.05386969491162083,-0.043725583532994446
selected_k2,selected_prefix,2,all_benign,0,11,-0.02052329887043346,-0.03806853131814437,-0.00314093597910621
selected_k4,selected_prefix,4,all_benign,1,11,-0.07487974654544484,-0.08527462922713974,-0.06447809833017264
selected_k4,selected_prefix,4,all_benign,0,11,-0.04553986137563532,-0.06989985731515018,-0.021246200799942022
selected_k8,selected_prefix,8,all_benign,1,11,-0.08904220299287276,-0.10541565201499245,-0.07289554161781615
selected_k8,selected_prefix,8,all_benign,0,11,-0.0514495156028054,-0.09025221033529801,-0.012739626115018676
selected_k16,selected_prefix,16,all_benign,1,11,-0.11325465820052406,-0.13264480219645935,-0.09405311765995893
selected_k16,selected_prefix,16,all_benign,0,11,-0.07061084834012119,-0.11287400966340845,-0.02779803506352687
random_k1,random_prefix,1,all_benign,1,11,0.0035577064210718327,0.0014221200888807125,0.005655161528424782
random_k1,random_prefix,1,all_benign,0,11,0.006152098829096014,0.0007392769510095772,0.011530235680666837
random_k2,random_prefix,2,all_benign,1,11,0.0025170743465423584,0.0005962849001992833,0.004391315308484164
random_k2,random_prefix,2,all_benign,0,11,0.005150561982935125,-0.0013233954256231134,0.011516717076301574
random_k4,random_prefix,4,all_benign,1,11,0.0036565376953645186,0.0015533733774315227,0.005665642869743434
random_k4,random_prefix,4,all_benign,0,11,0.00873287699439309,0.0022014532576907766,0.015154199708591807
random_k8,random_prefix,8,all_benign,1,11,0.0036029720848256893,-0.00042346871711991036,0.007521434466947208
random_k8,random_prefix,8,all_benign,0,11,0.0034856904636729846,-0.006773386353796178,0.013429016281257974
random_k16,random_prefix,16,all_benign,1,11,0.005054964260621505,0.0009014466946775263,0.009111607616597956
random_k16,random_prefix,16,all_benign,0,11,0.009466122497211803,-0.0025583681735125447,0.02161141417243264
all_layer11_components,full_relevant_block,17,all_benign,1,11,-0.06860941242087971,-0.07644554759291086,-0.06068587604571473
all_layer11_components,full_relevant_block,17,all_benign,0,11,-0.038803376934745094,-0.06347871612418782,-0.013972608745098125
control_outside_layer11_k17,full_block_control,17,all_benign,1,11,-0.003197316418994557,-0.009244576739993961,0.002801080691543492
control_outside_layer11_k17,full_block_control,17,all_benign,0,11,0.006624118848280473,-0.004633637991818515,0.01764851415699178
resid_post_layer12_positive_control,positive_control,1,all_benign,1,11,-0.13677670061588287,-0.15457137623293832,-0.11921840679239143
resid_post_layer12_positive_control,positive_control,1,all_benign,0,11,-0.09320653568614613,-0.13631365272131832,-0.05041793964125894
