concept,direction,estimand,group_type,group_id,pair_count,estimate,ci_low,ci_high
deception,rescue,conditional,role_factorial,null_to_null,132,-5.001612798527918e-05,-9.230472721956896e-05,-1.2731974161955949e-05
deception,rescue,conditional,role_factorial,null_to_selected,144,-0.00012646386988714195,-0.0002066015392083261,-5.595003361390756e-05
deception,rescue,conditional,role_factorial,selected_to_null,144,-0.0001752328528774151,-0.00027542913930038806,-9.044579279627243e-05
deception,rescue,conditional,role_factorial,selected_to_selected,132,0.002331038084132481,0.0013522589402648155,0.003394329166975367
deception,rescue,conditional,selected_route_class,earlier_to_later,53,0.0006859985732324563,0.00036080707739525263,0.001076232688969819
deception,rescue,conditional,selected_route_class,identity,12,0.021471591910254263,0.013133805203987006,0.030658934185752825
deception,rescue,conditional,selected_route_class,later_to_earlier,53,0.0018182537976125827,0.0009381776781385469,0.0028011523564665016
deception,rescue,conditional,selected_route_class,within_layer,26,0.006729678901950017,0.004023228923854653,0.009662407252701705
deception,rescue,conditional,selected_selected_contrast,selected_to_selected-minus-selected_to_null,132,0.0025062709370098964,0.0014751441403412847,0.003611002559807007
deception,rescue,conditional,selected_selected_contrast,selected_to_selected-minus-null_to_selected,132,0.0024575019540196232,0.0014302140434178023,0.0035834890255844647
deception,rescue,conditional,selected_selected_contrast,selected_to_selected-minus-null_to_null,132,0.0023810542121177605,0.001379870575986322,0.003473580506474312
deception,rescue,delta,role_factorial,selected_to_selected,132,0.002420875482745778,0.0014312066910553798,0.0035160503692588823
deception,rescue,delta,selected_route_class,earlier_to_later,53,0.0005741857118885796,0.0003114299774169156,0.0008843841982742255
deception,rescue,delta,selected_route_class,identity,12,0.021468212573845735,0.01315402260200503,0.0305992916448006
deception,rescue,delta,selected_route_class,later_to_earlier,53,0.0016579683738115413,0.0008419584082422687,0.002583181636576639
deception,rescue,delta,selected_route_class,within_layer,26,0.007740438353089859,0.0046172849861337495,0.011155161974889027
deception,rescue,delta_rms,role_factorial,selected_to_selected,132,0.002749081669164251,0.0016858579566002806,0.0038880313957785064
deception,rescue,delta_rms,selected_route_class,earlier_to_later,53,0.001487380983343914,0.0009266438656148756,0.0020830900058251348
deception,rescue,delta_rms,selected_route_class,identity,12,0.021468212573845735,0.01315402260200503,0.0305992916448006
deception,rescue,delta_rms,selected_route_class,later_to_earlier,53,0.0016250161451204753,0.0008419998739425448,0.0025204812597703938
deception,rescue,delta_rms,selected_route_class,within_layer,26,0.007612374327733404,0.004799484276965288,0.010611840418857616
deception,induction,conditional,role_factorial,null_to_null,132,1.949402785400858e-05,-6.820650047360149e-05,0.00010664080176672119
deception,induction,conditional,role_factorial,null_to_selected,144,-0.00025506053299850876,-0.00047691919560259734,-3.213488631304847e-05
deception,induction,conditional,role_factorial,selected_to_null,144,-0.0005438167296708591,-0.0008294322108188673,-0.0002961469573425616
deception,induction,conditional,role_factorial,selected_to_selected,132,0.006802883191143015,0.005664165054760774,0.008036270925523196
deception,induction,conditional,selected_route_class,earlier_to_later,53,0.0016958418878578643,0.0010724058831212402,0.0024561483015253286
deception,induction,conditional,selected_route_class,identity,12,0.08562560638777686,0.07041435016147117,0.10178207466013062
deception,induction,conditional,selected_route_class,later_to_earlier,53,0.0010375765935719122,-4.5429221224982264e-05,0.0020345998948714593
deception,induction,conditional,selected_route_class,within_layer,26,0.028965746219811527,0.024348729767286966,0.03380407947391637
deception,induction,conditional,selected_selected_contrast,selected_to_selected-minus-selected_to_null,132,0.007346699920813874,0.006088440138210362,0.008735122913493387
deception,induction,conditional,selected_selected_contrast,selected_to_selected-minus-null_to_selected,132,0.007057943724141523,0.00582734764478996,0.008422635335151446
deception,induction,conditional,selected_selected_contrast,selected_to_selected-minus-null_to_null,132,0.0067833891632890055,0.005624191245116442,0.008052275883693638
deception,induction,delta,role_factorial,selected_to_selected,132,0.007997459001637576,0.006662169097117917,0.009324838578322016
deception,induction,delta,selected_route_class,earlier_to_later,53,0.0020439214903774957,0.0012828487745126169,0.002827721119356515
deception,induction,delta,selected_route_class,identity,12,0.08568632151598034,0.07042864306090599,0.10189284346813636
deception,induction,delta,selected_route_class,later_to_earlier,53,0.002582314606174396,0.0014486388791086142,0.0035989247995252206
deception,induction,delta,selected_route_class,within_layer,26,0.031172079811496525,0.02618241107270288,0.036356922867305436
deception,induction,delta_rms,role_factorial,selected_to_selected,132,0.009898134386941574,0.007890521980125482,0.011997043276368516
deception,induction,delta_rms,selected_route_class,earlier_to_later,53,0.005563714577673622,0.003864576385727928,0.0075351085412509854
deception,induction,delta_rms,selected_route_class,identity,12,0.08568632151598034,0.07042864306090599,0.10189284346813636
deception,induction,delta_rms,selected_route_class,later_to_earlier,53,0.0039659924302437215,0.0029371510391557926,0.005001874742336048
deception,induction,delta_rms,selected_route_class,within_layer,26,0.03082612567910263,0.02545772649337021,0.03649021674452224
harmful,rescue,conditional,role_factorial,null_to_null,132,0.0005888465159231258,0.00036053448388832554,0.0008384036557370691
harmful,rescue,conditional,role_factorial,null_to_selected,144,-0.001974344039959292,-0.002545591641832494,-0.0014167002635338897
harmful,rescue,conditional,role_factorial,selected_to_null,144,0.003441527004507316,0.002636663794230268,0.004458361485839804
harmful,rescue,conditional,role_factorial,selected_to_selected,132,0.0016972018097158076,-9.580820864312685e-06,0.0037239891675986785
harmful,rescue,conditional,selected_route_class,earlier_to_later,53,0.0033760095372522116,0.002188556139681501,0.004631991165707449
harmful,rescue,conditional,selected_route_class,identity,12,0.07705205205913643,0.06675495034036645,0.08988234369722574
harmful,rescue,conditional,selected_route_class,later_to_earlier,53,-0.010024359762206158,-0.012891530638371623,-0.007001040095218718
harmful,rescue,conditional,selected_route_class,within_layer,26,0.022168969261732525,0.018456310493328753,0.0266784569548232
harmful,rescue,conditional,selected_selected_contrast,selected_to_selected-minus-selected_to_null,132,-0.0017443251947915086,-0.003505729295040536,-3.4861176554157125e-06
harmful,rescue,conditional,selected_selected_contrast,selected_to_selected-minus-null_to_selected,132,0.0036715458496750985,0.0016650656378824655,0.006008678456690497
harmful,rescue,conditional,selected_selected_contrast,selected_to_selected-minus-null_to_null,132,0.001108355293792682,-0.0005787327801778461,0.0031203739190170934
harmful,rescue,delta,role_factorial,selected_to_selected,132,0.005416878538631494,0.0035499581444783253,0.006752697328360331
harmful,rescue,delta,selected_route_class,earlier_to_later,53,0.0049251800524785115,0.0037680073833526923,0.006070276613845471
harmful,rescue,delta,selected_route_class,identity,12,0.07692405210817868,0.06665750948554688,0.08967244578162184
harmful,rescue,delta,selected_route_class,later_to_earlier,53,-0.004432241129700843,-0.009255015532206999,-0.0011202146996221723
harmful,rescue,delta,selected_route_class,within_layer,26,0.026496238622774646,0.023281958655908628,0.03027735817403787
harmful,rescue,delta_rms,role_factorial,selected_to_selected,132,0.006792473470391302,0.005087187216912391,0.008322012167738159
harmful,rescue,delta_rms,selected_route_class,earlier_to_later,53,0.007304103825363341,0.0048025107517067405,0.009584128231551739
harmful,rescue,delta_rms,selected_route_class,identity,12,0.07692405210817868,0.06665750948554688,0.08967244578162184
harmful,rescue,delta_rms,selected_route_class,later_to_earlier,53,-0.004390879520315416,-0.006760913381021245,-0.002806024377072709
harmful,rescue,delta_rms,selected_route_class,within_layer,26,0.028546369612465834,0.024450825110608025,0.033211278718367473
harmful,induction,conditional,role_factorial,null_to_null,132,0.0005483332625688588,0.00039256381741322057,0.0006974833181826825
harmful,induction,conditional,role_factorial,null_to_selected,144,-0.0006735154270281276,-0.000979143756215951,-0.0003569040729336658
harmful,induction,conditional,role_factorial,selected_to_null,144,0.004343110857155478,0.0035538200503075954,0.005108402733886842
harmful,induction,conditional,role_factorial,selected_to_selected,132,0.003531664977937192,0.0024221083559465622,0.004769904887358979
harmful,induction,conditional,selected_route_class,earlier_to_later,53,0.0021943875855597464,0.0015249137957590838,0.002834737200748117
harmful,induction,conditional,selected_route_class,identity,12,0.04372060259086813,0.03559490321191907,0.051433583162090526
harmful,induction,conditional,selected_route_class,later_to_earlier,53,-0.0006192407454058083,-0.0032441995043951516,0.001657351533132603
harmful,induction,conditional,selected_route_class,within_layer,26,0.014719115175367335,0.011062160675982747,0.018700331244446415
harmful,induction,conditional,selected_selected_contrast,selected_to_selected-minus-selected_to_null,132,-0.0008114458792182862,-0.0017340240982253595,1.662023780495081e-05
harmful,induction,conditional,selected_selected_contrast,selected_to_selected-minus-null_to_selected,132,0.004205180404965321,0.0028835079550671707,0.0056406285369271425
harmful,induction,conditional,selected_selected_contrast,selected_to_selected-minus-null_to_null,132,0.0029833317153683337,0.001845475185958091,0.004208634080288399
harmful,induction,delta,role_factorial,selected_to_selected,132,0.005426454115813563,0.004407451701408078,0.006562983203404334
harmful,induction,delta,selected_route_class,earlier_to_later,53,0.003999770496266813,0.0032980852789366265,0.0046692812804999375
harmful,induction,delta,selected_route_class,identity,12,0.04373501330133684,0.0355626845075336,0.051512585589092316
harmful,induction,delta,selected_route_class,later_to_earlier,53,0.001603681099891152,-0.0006664798585031928,0.0035888648593619286
harmful,induction,delta,selected_route_class,within_layer,26,0.016127269565039164,0.012578539127726864,0.019933683647354
harmful,induction,delta_rms,role_factorial,selected_to_selected,132,0.006014068635631518,0.004781775722180315,0.007234054365367122
harmful,induction,delta_rms,selected_route_class,earlier_to_later,53,0.008741936312601872,0.006892255851227155,0.010583891309394699
harmful,induction,delta_rms,selected_route_class,identity,12,0.04373501330133684,0.0355626845075336,0.051512585589092316
harmful,induction,delta_rms,selected_route_class,later_to_earlier,53,-0.0019856126815325993,-0.0033773986492210734,-0.0008835862162164345
harmful,induction,delta_rms,selected_route_class,within_layer,26,0.016760457979103416,0.013486660711545341,0.019742881835917003
