split,concept,group_id,group_role,set_size,label,n_examples,normal_mean,patched_mean,fraction,ci_low,ci_high,raw_score_suppression,positive_example_fraction
discovery,HTML,selected_single_rank1,selected_strong_individual,1,1,64,0.953362975269556,0.8995044706389308,0.08500374041162785,0.07609479115290184,0.09425835380575281,0.05385850463062525,1.0
discovery,HTML,selected_single_rank1,selected_strong_individual,1,0,64,0.18544713058508933,0.13348292352748103,0.08201401055812671,0.06133248038941817,0.10688847932223802,0.05196420705760829,0.984375
discovery,HTML,selected_single_rank2,selected_strong_individual,1,1,64,0.953362975269556,0.8730934467166662,0.1266877016892473,0.10789833470060169,0.14602131965469262,0.08026952855288982,1.0
discovery,HTML,selected_single_rank2,selected_strong_individual,1,0,64,0.18544713058508933,0.12794369115727022,0.09075646402404314,0.07211138827407698,0.11181972916789859,0.0575034394278191,1.0
discovery,HTML,selected_single_rank3,selected_strong_individual,1,1,64,0.953362975269556,0.9513691002503037,0.0031468908339014248,0.0024910719657119398,0.0038410991189355673,0.0019938750192523003,0.96875
discovery,HTML,selected_single_rank3,selected_strong_individual,1,0,64,0.18544713058508933,0.18999275454552844,-0.007174262296958181,-0.009694650024793321,-0.004898006185983779,-0.004545623960439116,0.109375
discovery,HTML,selected_single_rank4,selected_strong_individual,1,1,64,0.953362975269556,0.9252656977623701,0.04434533969842558,0.036643901948217504,0.052532086515465364,0.028097277507185936,1.0
discovery,HTML,selected_single_rank4,selected_strong_individual,1,0,64,0.18544713058508933,0.16554794798139483,0.03140645964920084,0.023027007438593556,0.04078827593168581,0.0198991826036945,0.859375
discovery,HTML,random_single_rank1,random_individual_control,1,1,64,0.953362975269556,0.9541282188147306,-0.0012077677260409346,-0.0016434254064361918,-0.0008303630811226547,-0.0007652435451745987,0.078125
discovery,HTML,random_single_rank1,random_individual_control,1,0,64,0.18544713058508933,0.18379467661725357,0.0026080331989797433,0.0011953977755985072,0.00435127416707931,0.0016524539678357542,0.671875
discovery,HTML,random_single_rank2,random_individual_control,1,1,64,0.953362975269556,0.9524015616625547,0.0015173787916732393,0.0005575286569550755,0.00284841707873132,0.0009614136070013046,0.8125
discovery,HTML,random_single_rank2,random_individual_control,1,0,64,0.18544713058508933,0.18539322534343228,8.507750447338444e-05,-0.0005919337584426215,0.0006410250453537811,5.3905241657048464e-05,0.609375
discovery,HTML,random_single_rank3,random_individual_control,1,1,64,0.953362975269556,0.9545188723132014,-0.0018243278923999243,-0.0025018392111428116,-0.0012227240575550724,-0.001155897043645382,0.109375
discovery,HTML,random_single_rank3,random_individual_control,1,0,64,0.18544713058508933,0.18657956959214061,-0.0017873045686577183,-0.002850364204611689,-0.0007832128775443583,-0.001132439007051289,0.328125
discovery,HTML,random_single_rank4,random_individual_control,1,1,64,0.953362975269556,0.953499699011445,-0.00021578819433152983,-0.00032345210726608616,-0.00011734839061228061,-0.00013672374188899994,0.1875
discovery,HTML,random_single_rank4,random_individual_control,1,0,64,0.18544713058508933,0.18510465597501025,0.0005405204443084742,-9.32864686167318e-05,0.0013719907128258292,0.00034247461007907987,0.515625
discovery,HTML,selected_k16,complete_selected_set,16,1,64,0.953362975269556,0.3561365748755634,0.9425898148162626,0.9359946385645855,0.9488196058104047,0.5972264003939927,1.0
discovery,HTML,selected_k16,complete_selected_set,16,0,64,0.18544713058508933,0.10113169375108555,0.13307327328310672,0.10209106331462073,0.16902122271702005,0.08431543683400378,0.953125
discovery,HTML,random_k16,matched_random_set,16,1,64,0.953362975269556,0.9486994380131364,0.007360362361773389,0.005750640611769929,0.00917985477295424,0.004663537256419659,0.953125
discovery,HTML,random_k16,matched_random_set,16,0,64,0.18544713058508933,0.18271776981418952,0.004307692462878428,0.0006483804926785778,0.008251774745805582,0.0027293607708998024,0.5625
discovery,HTML,resid_post_layer08_context,surrounding_residual_context,1,1,64,0.953362975269556,0.9269977305084467,0.041611708994386036,0.03341514846789822,0.05071421414979156,0.026365244761109352,1.0
discovery,HTML,resid_post_layer08_context,surrounding_residual_context,1,0,64,0.18544713058508933,0.19890564936213195,-0.02124129595306719,-0.02588702925478553,-0.01672435128240213,-0.013458518777042627,0.078125
discovery,HTML,selected_k16_plus_resid_post_layer08,selected_set_plus_surrounding_residual,17,1,64,0.953362975269556,0.31421554693952203,1.0087528878704224,1.0066763651839863,1.010849491123264,0.639147428330034,1.0
discovery,HTML,selected_k16_plus_resid_post_layer08,selected_set_plus_surrounding_residual,17,0,64,0.18544713058508933,0.10163870311225764,0.13227307111598544,0.10030440802753504,0.16951808162405396,0.08380842747283168,0.953125
discovery,HTML,resid_post_layer12_positive_control,positive_control,1,1,64,0.953362975269556,0.3197613905649632,1.0,1.0,1.0,0.6336015847045928,1.0
discovery,HTML,resid_post_layer12_positive_control,positive_control,1,0,64,0.18544713058508933,0.10761997415102087,0.1228329573549823,0.09057639797184275,0.16027072142266438,0.07782715643406846,0.9375
validation,all-caps,selected_single_rank1,selected_strong_individual,1,1,64,0.8997547244653106,0.8820320200175047,0.03568427183335084,0.028699812971197863,0.04318684270158248,0.01772270444780588,0.96875
validation,all-caps,selected_single_rank1,selected_strong_individual,1,0,64,0.08548116264864802,0.09318890701979399,-0.015519372123592782,-0.020779903207270887,-0.010421306750686504,-0.007707744371145964,0.171875
validation,all-caps,selected_single_rank2,selected_strong_individual,1,1,64,0.8997547244653106,0.893806675914675,0.01197626366697808,0.008234200563860034,0.016276992471138108,0.005948048550635576,0.921875
validation,all-caps,selected_single_rank2,selected_strong_individual,1,0,64,0.08548116264864802,0.08528983342694119,0.0003852371390132556,-0.003233284215652085,0.0039480486168678355,0.00019132922170683742,0.59375
validation,all-caps,selected_single_rank3,selected_strong_individual,1,1,64,0.8997547244653106,0.8774806591682136,0.04484833583024725,0.03368462560572566,0.05763992932015805,0.022274065297096968,0.984375
validation,all-caps,selected_single_rank3,selected_strong_individual,1,0,64,0.08548116264864802,0.07072267611511052,0.02971588489006261,0.023843041980226565,0.03623662909537585,0.014758486533537507,0.9375
validation,all-caps,selected_single_rank4,selected_strong_individual,1,1,64,0.8997547244653106,0.8992701782844961,0.0009756229746379021,-0.0016381702077223137,0.0030759072743036576,0.0004845461808145046,0.765625
validation,all-caps,selected_single_rank4,selected_strong_individual,1,0,64,0.08548116264864802,0.08622093600570224,-0.0014895172261060546,-0.004355680258286794,0.001436122627740831,-0.0007397733570542186,0.421875
validation,all-caps,random_single_rank1,random_individual_control,1,1,64,0.8997547244653106,0.9041435378603637,-0.008836778307518235,-0.013187969741014416,-0.005429693607916871,-0.004388813395053148,0.046875
validation,all-caps,random_single_rank1,random_individual_control,1,0,64,0.08548116264864802,0.08783317959751002,-0.004735733894734721,-0.0061927202668602245,-0.0033212387789824096,-0.0023520169488620013,0.140625
validation,all-caps,random_single_rank2,random_individual_control,1,1,64,0.8997547244653106,0.9007166568189859,-0.0019368294322651392,-0.002818004862657447,-0.0012085490506151015,-0.0009619323536753654,0.09375
validation,all-caps,random_single_rank2,random_individual_control,1,0,64,0.08548116264864802,0.08578912800294347,-0.0006200814018141278,-0.0010026740891192567,-8.46204926494327e-05,-0.00030796535429544747,0.109375
validation,all-caps,random_single_rank3,random_individual_control,1,1,64,0.8997547244653106,0.9011260811239481,-0.002761196178123678,-0.003843576780800956,-0.0018133090057256135,-0.0013713566586375237,0.0625
validation,all-caps,random_single_rank3,random_individual_control,1,0,64,0.08548116264864802,0.08437284638057463,0.0022315701931232227,0.0014477061586610212,0.0031430112940857664,0.001108316268073395,0.8125
validation,all-caps,random_single_rank4,random_individual_control,1,1,64,0.8997547244653106,0.8974762503057718,0.004587657121614533,0.003178157805791839,0.00633214506673518,0.002278474159538746,0.96875
validation,all-caps,random_single_rank4,random_individual_control,1,0,64,0.08548116264864802,0.08464032513438724,0.0016930076622857346,0.0012407143880457236,0.0022419679768202823,0.0008408375142607838,0.90625
validation,all-caps,selected_k16,complete_selected_set,16,1,64,0.8997547244653106,0.6985746391583234,0.40507163411168984,0.37465888199739406,0.43678461670392776,0.20118008530698717,1.0
validation,all-caps,selected_k16,complete_selected_set,16,0,64,0.08548116264864802,0.08021767411264591,0.010597917279700412,0.0005954492612201056,0.02148207748661405,0.005263488536002114,0.546875
validation,all-caps,random_k16,matched_random_set,16,1,64,0.8997547244653106,0.9029991650022566,-0.006532608971079424,-0.01043131249397869,-0.00245306278232247,-0.0032444405369460583,0.171875
validation,all-caps,random_k16,matched_random_set,16,0,64,0.08548116264864802,0.08554415038088337,-0.00012682440007233414,-0.002986707333888456,0.0033799342605455606,-6.298773223534226e-05,0.3125
validation,all-caps,resid_post_layer08_context,surrounding_residual_context,1,1,64,0.8997547244653106,0.5982150895288214,0.607143358582341,0.5769327264448049,0.6379805919452303,0.30153963493648916,1.0
validation,all-caps,resid_post_layer08_context,surrounding_residual_context,1,0,64,0.08548116264864802,0.07277220950345509,0.025589194927105475,0.020107155031321506,0.031378329856741945,0.012708953145192936,0.90625
validation,all-caps,selected_k16_plus_resid_post_layer08,selected_set_plus_surrounding_residual,17,1,64,0.8997547244653106,0.43319151643663645,0.9394146582857794,0.9285217799330419,0.9482288749842289,0.4665632080286741,1.0
validation,all-caps,selected_k16_plus_resid_post_layer08,selected_set_plus_surrounding_residual,17,0,64,0.08548116264864802,0.07334348745644093,0.024438939455273652,0.013678854993725707,0.03638208863791078,0.012137675192207098,0.671875
validation,all-caps,resid_post_layer12_positive_control,positive_control,1,1,64,0.8997547244653106,0.4031016182852909,1.0,1.0,1.0,0.4966531061800197,1.0
validation,all-caps,resid_post_layer12_positive_control,positive_control,1,0,64,0.08548116264864802,0.07069830314139836,0.02976495933137563,0.018587621690304437,0.04209181366648735,0.014782859507249668,0.734375
discovery,biology-focused,selected_single_rank1,selected_strong_individual,1,1,64,0.9663346447050571,0.8883673930540681,0.09957689877296536,0.08962100530125895,0.11076567854183607,0.07796725165098906,1.0
discovery,biology-focused,selected_single_rank1,selected_strong_individual,1,0,64,0.13087781153444666,0.10525865847012028,0.03271983758969875,0.02084734220985299,0.04581077255831434,0.025619153064326383,0.625
discovery,biology-focused,selected_single_rank2,selected_strong_individual,1,1,64,0.9663346447050571,0.8690563598647714,0.12424023826965237,0.11130419908775316,0.13804722643287998,0.09727828484028578,1.0
discovery,biology-focused,selected_single_rank2,selected_strong_individual,1,0,64,0.13087781153444666,0.0904123545915354,0.051680989447252725,0.040035834317919385,0.06460836424444742,0.04046545694291126,1.0
discovery,biology-focused,selected_single_rank3,selected_strong_individual,1,1,64,0.9663346447050571,0.9596516666933894,0.00853525308226443,0.007408420675780868,0.009795851655957397,0.006682978011667728,1.0
discovery,biology-focused,selected_single_rank3,selected_strong_individual,1,0,64,0.13087781153444666,0.13896459672832862,-0.010328143850119705,-0.013540224599338058,-0.007432326667637317,-0.008086785193881951,0.09375
discovery,biology-focused,selected_single_rank4,selected_strong_individual,1,1,64,0.9663346447050571,0.9096184289082885,0.07243585941006873,0.06371333958304157,0.08241623459399576,0.056716215796768665,1.0
discovery,biology-focused,selected_single_rank4,selected_strong_individual,1,0,64,0.13087781153444666,0.11569756179233082,0.019387655200230825,0.011711521748843436,0.02768600507796889,0.015180249742115848,0.609375
discovery,biology-focused,random_single_rank1,random_individual_control,1,1,64,0.9663346447050571,0.9696661196649075,-0.004254836970869102,-0.005156588133390888,-0.0035063267872574655,-0.0033314749598503113,0.0
discovery,biology-focused,random_single_rank1,random_individual_control,1,0,64,0.13087781153444666,0.1347724889346864,-0.004974138359693086,-0.006183715642965491,-0.00383483159385891,-0.0038946774002397433,0.046875
discovery,biology-focused,random_single_rank2,random_individual_control,1,1,64,0.9663346447050571,0.9660184271633625,0.00040386138375782786,0.0002345833125069669,0.0006029373449122361,0.0003162175416946411,0.765625
discovery,biology-focused,random_single_rank2,random_individual_control,1,0,64,0.13087781153444666,0.13163211911160033,-0.0009633738225138362,-0.001308042422486575,-0.0006351979470308192,-0.0007543075771536678,0.1875
discovery,biology-focused,random_single_rank3,random_individual_control,1,1,64,0.9663346447050571,0.9677693275734782,-0.0018323240557404073,-0.0022749235173922656,-0.0014841072226093798,-0.0014346828684210777,0.03125
discovery,biology-focused,random_single_rank3,random_individual_control,1,0,64,0.13087781153444666,0.13058003863261547,0.0003803045698687378,-0.00048452110600995664,0.0012281392650703702,0.00029777290183119476,0.578125
discovery,biology-focused,random_single_rank4,random_individual_control,1,1,64,0.9663346447050571,0.966322005726397,1.6142037483440585e-05,-5.5702161043318434e-05,8.386551129406778e-05,1.2638978660106659e-05,0.53125
discovery,biology-focused,random_single_rank4,random_individual_control,1,0,64,0.13087781153444666,0.13089173421030864,-1.778152821344587e-05,-0.0003732859613756902,0.0003232461275491938,-1.392267586197704e-05,0.59375
discovery,biology-focused,selected_k16,complete_selected_set,16,1,64,0.9663346447050571,0.2894394928589463,0.8645055274875287,0.8595502601569187,0.8695414665831933,0.6768951518461108,1.0
discovery,biology-focused,selected_k16,complete_selected_set,16,0,64,0.13087781153444666,0.17034898279234767,-0.050411124434556476,-0.07481662112205517,-0.024596456466171993,-0.039471171257901005,0.21875
discovery,biology-focused,random_k16,matched_random_set,16,1,64,0.9663346447050571,0.9492945289239287,0.02176300752285794,0.017928610470170032,0.026037855252399576,0.017040115781128407,1.0
discovery,biology-focused,random_k16,matched_random_set,16,0,64,0.13087781153444666,0.12719905481208116,0.0046983724319684785,-0.0005761342542305849,0.010455258223824735,0.003678756722365506,0.375
discovery,biology-focused,resid_post_layer08_context,surrounding_residual_context,1,1,64,0.9663346447050571,0.9321972457692027,0.04359902710723279,0.03954674558129961,0.047912197936666755,0.034137398935854435,1.0
discovery,biology-focused,resid_post_layer08_context,surrounding_residual_context,1,0,64,0.13087781153444666,0.14170595063478686,-0.013829299972259389,-0.018076895024341736,-0.009579793593505234,-0.010828139100340195,0.1875
discovery,biology-focused,selected_k16_plus_resid_post_layer08,selected_set_plus_surrounding_residual,17,1,64,0.9663346447050571,0.22877650009468198,0.9419820649034228,0.9394502976501107,0.9446261412316932,0.7375581446103752,1.0
discovery,biology-focused,selected_k16_plus_resid_post_layer08,selected_set_plus_surrounding_residual,17,0,64,0.13087781153444666,0.17524466436589137,-0.056663708412450844,-0.08338415268040061,-0.02867096772608928,-0.0443668528314447,0.21875
discovery,biology-focused,resid_post_layer12_positive_control,positive_control,1,1,64,0.9663346447050571,0.18334930762648582,1.0,1.0,1.0,0.7829853370785713,1.0
discovery,biology-focused,resid_post_layer12_positive_control,positive_control,1,0,64,0.13087781153444666,0.1513234154554084,-0.026112371397971717,-0.055004843443684094,0.004149738424674983,-0.02044560392096173,0.390625
validation,chemistry-based,selected_single_rank1,selected_strong_individual,1,1,64,0.9219770580530167,0.878460168838501,0.06506023501855868,0.06032879366638022,0.06991589880622388,0.043516889214515686,1.0
validation,chemistry-based,selected_single_rank1,selected_strong_individual,1,0,64,0.222396832134109,0.20034231309546158,0.032972765695693504,0.020075102993043912,0.045967383930051446,0.022054519038647413,0.75
validation,chemistry-based,selected_single_rank2,selected_strong_individual,1,1,64,0.9219770580530167,0.8752725180238485,0.06982595506201275,0.06247333355889081,0.07799344426165032,0.04670454002916813,1.0
validation,chemistry-based,selected_single_rank2,selected_strong_individual,1,0,64,0.222396832134109,0.17205217672744766,0.07526813547125442,0.058369640629411246,0.09304748620513414,0.05034465540666133,0.84375
validation,chemistry-based,selected_single_rank3,selected_strong_individual,1,1,64,0.9219770580530167,0.9070703955367208,0.022286311916088205,0.019869665904468245,0.025026084109834666,0.01490666251629591,1.0
validation,chemistry-based,selected_single_rank3,selected_strong_individual,1,0,64,0.222396832134109,0.21025090460898355,0.018158855413760916,0.012547740632548057,0.02421227197755157,0.012145927525125444,0.796875
validation,chemistry-based,selected_single_rank4,selected_strong_individual,1,1,64,0.9219770580530167,0.8771858317777514,0.06696544171328649,0.06145212331534135,0.07259097523342894,0.04479122627526522,1.0
validation,chemistry-based,selected_single_rank4,selected_strong_individual,1,0,64,0.222396832134109,0.199011325603351,0.03496266802112424,0.02701352820881408,0.043148532026076714,0.023385506530757993,0.78125
validation,chemistry-based,random_single_rank1,random_individual_control,1,1,64,0.9219770580530167,0.9259612932801247,-0.005956659240210629,-0.007011706359370056,-0.005057890659696346,-0.003984235227108002,0.0
validation,chemistry-based,random_single_rank1,random_individual_control,1,0,64,0.222396832134109,0.22601465083425865,-0.005408845603048297,-0.008021505623358809,-0.0030278857025963445,-0.0036178187001496553,0.34375
validation,chemistry-based,random_single_rank2,random_individual_control,1,1,64,0.9219770580530167,0.9208462787792087,0.001690579603367509,0.0012390144523399692,0.002155894644194993,0.0011307792738080025,0.859375
validation,chemistry-based,random_single_rank2,random_individual_control,1,0,64,0.222396832134109,0.2225429125246592,-0.0002183985278439525,-0.0009422588013822988,0.0004903716226409477,-0.00014608039055019617,0.453125
validation,chemistry-based,random_single_rank3,random_individual_control,1,1,64,0.9219770580530167,0.9229955095797777,-0.001522643205479447,-0.0021515596171177583,-0.000845338765026073,-0.001018451526761055,0.203125
validation,chemistry-based,random_single_rank3,random_individual_control,1,0,64,0.222396832134109,0.22334691940341145,-0.0014204347356782101,-0.0027752173273720565,-0.00013791712580203466,-0.0009500872693024576,0.421875
validation,chemistry-based,random_single_rank4,random_individual_control,1,1,64,0.9219770580530167,0.9203680865466595,0.0024055043049089502,0.0021116054057127138,0.0027185772682512183,0.001608971506357193,1.0
validation,chemistry-based,random_single_rank4,random_individual_control,1,0,64,0.222396832134109,0.22092014987720177,0.0022077243207465538,0.001500979461155641,0.002966832377533851,0.0014766822569072247,0.84375
validation,chemistry-based,selected_k16,complete_selected_set,16,1,64,0.9219770580530167,0.3658005567267537,0.8315156377495926,0.8233070860839565,0.8399244561351793,0.556176501326263,1.0
validation,chemistry-based,selected_k16,complete_selected_set,16,0,64,0.222396832134109,0.11347882746485993,0.16283863827219755,0.12576218543185877,0.20325477941258538,0.10891800466924906,0.828125
validation,chemistry-based,random_k16,matched_random_set,16,1,64,0.9219770580530167,0.8847566712647676,0.05564660424112734,0.049244944898699676,0.06273005854787456,0.037220386788249016,1.0
validation,chemistry-based,random_k16,matched_random_set,16,0,64,0.222396832134109,0.20281539391726255,0.029275368607103093,0.019644558875462122,0.03920515698123245,0.019581438216846436,0.78125
validation,chemistry-based,resid_post_layer08_context,surrounding_residual_context,1,1,64,0.9219770580530167,0.8828061753883958,0.05856270698675176,0.05110164448479072,0.06715860024406196,0.039170882664620876,1.0
validation,chemistry-based,resid_post_layer08_context,surrounding_residual_context,1,0,64,0.222396832134109,0.2622674518497661,-0.05960885384635825,-0.07739981148369687,-0.04351558077539477,-0.039870619715657085,0.109375
validation,chemistry-based,selected_k16_plus_resid_post_layer08,selected_set_plus_surrounding_residual,17,1,64,0.9219770580530167,0.3047416862100363,0.9228021367960432,0.9182358269566824,0.9270474315170404,0.6172353718429804,1.0
validation,chemistry-based,selected_k16_plus_resid_post_layer08,selected_set_plus_surrounding_residual,17,0,64,0.222396832134109,0.12985374900745228,0.13835719524625276,0.10023515706995814,0.18059959596613176,0.09254308312665671,0.796875
validation,chemistry-based,resid_post_layer12_positive_control,positive_control,1,1,64,0.9219770580530167,0.2531062923371792,1.0,1.0,1.0,0.6688707657158375,1.0
validation,chemistry-based,resid_post_layer12_positive_control,positive_control,1,0,64,0.222396832134109,0.10944915167056024,0.16886323375588125,0.12955197118281453,0.2122472381972318,0.11294768046354875,0.859375
discovery,comforting,selected_single_rank1,selected_strong_individual,1,1,64,0.9333858378231525,0.6919149577151984,0.2723888469756388,0.23810964850643243,0.3090826814266371,0.24147088010795414,1.0
discovery,comforting,selected_single_rank1,selected_strong_individual,1,0,64,0.09448724342655623,0.028467690104662324,0.07447270660196272,0.050590606949078964,0.10321248236193681,0.06601955332189391,1.0
discovery,comforting,selected_single_rank2,selected_strong_individual,1,1,64,0.9333858378231525,0.9041347661986947,0.03299638312092042,0.026261933212406094,0.04043018959688946,0.029251071624457836,0.984375
discovery,comforting,selected_single_rank2,selected_strong_individual,1,0,64,0.09448724342655623,0.08390331694135966,0.011939093983045676,0.007665662003850509,0.01704846764443497,0.01058392648519657,0.921875
discovery,comforting,selected_single_rank3,selected_strong_individual,1,1,64,0.9333858378231525,0.4381896266131662,0.5586012066460757,0.5219564946043246,0.5961583258859213,0.49519621120998636,1.0
discovery,comforting,selected_single_rank3,selected_strong_individual,1,0,64,0.09448724342655623,0.014671053607571594,0.09003586645752978,0.06025189725537046,0.1260627442946651,0.07981618981898464,1.0
discovery,comforting,selected_single_rank4,selected_strong_individual,1,1,64,0.9333858378231525,0.9185638013295829,0.0167198522178297,0.012731991024452289,0.021203521806264284,0.014822036493569613,0.96875
discovery,comforting,selected_single_rank4,selected_strong_individual,1,0,64,0.09448724342655623,0.09156944396090694,0.0032913949367270575,0.0006693982379892803,0.006451570318295703,0.0029177994656492956,0.453125
discovery,comforting,random_single_rank1,random_individual_control,1,1,64,0.9333858378231525,0.9318453520536423,0.0017377297931398053,0.0007589408305734424,0.002739866141587127,0.0015404857695102692,0.734375
discovery,comforting,random_single_rank1,random_individual_control,1,0,64,0.09448724342655623,0.09462837813407532,-0.00015920561614792214,-0.0009328579728396973,0.0007350789789362128,-0.00014113470751908608,0.375
discovery,comforting,random_single_rank2,random_individual_control,1,1,64,0.9333858378231525,0.9307926697656512,0.0029251976755170364,0.0018354332285435149,0.004172351805136119,0.002593168057501316,0.8125
discovery,comforting,random_single_rank2,random_individual_control,1,0,64,0.09448724342655623,0.09234316586298519,0.0024186055689462654,0.0016734247491925337,0.003349279306398656,0.002144077563571045,0.984375
discovery,comforting,random_single_rank3,random_individual_control,1,1,64,0.9333858378231525,0.9349493253976107,-0.0017636767525632485,-0.0023683894813428625,-0.0012163376585611191,-0.0015634875744581223,0.046875
discovery,comforting,random_single_rank3,random_individual_control,1,0,64,0.09448724342655623,0.094128455630198,0.0004047270383710708,-0.0002619469348865179,0.0009779441873101304,0.00035878779635822866,0.78125
discovery,comforting,random_single_rank4,random_individual_control,1,1,64,0.9333858378231525,0.9332177340984344,0.00018962775026040688,1.589539657496407e-05,0.00038256349794873004,0.00016810372471809387,0.515625
discovery,comforting,random_single_rank4,random_individual_control,1,0,64,0.09448724342655623,0.09392653487157077,0.0006325017605169899,0.0004685722533450698,0.000813777174646731,0.0005607085549854673,0.84375
discovery,comforting,selected_k16,complete_selected_set,16,1,64,0.9333858378231525,0.05445110945294118,0.9914736597662395,0.9892878475188306,0.993506071359552,0.8789347283702114,1.0
discovery,comforting,selected_k16,complete_selected_set,16,0,64,0.09448724342655623,0.0015518175643638443,0.10483489140585062,0.0689095786218046,0.14886128853098907,0.09293542586219239,1.0
discovery,comforting,random_k16,matched_random_set,16,1,64,0.9333858378231525,0.9204857996664941,0.014551760932262335,0.010865572380912392,0.018614763826510883,0.012900038156658411,0.96875
discovery,comforting,random_k16,matched_random_set,16,0,64,0.09448724342655623,0.0843682946779154,0.011414580428975982,0.008290702663608514,0.014998715586034965,0.010118948748640832,1.0
discovery,comforting,resid_post_layer08_context,surrounding_residual_context,1,1,64,0.9333858378231525,0.943018201738596,-0.010865693202444892,-0.018765259673354812,-0.004502819898564272,-0.00963236391544342,0.46875
discovery,comforting,resid_post_layer08_context,surrounding_residual_context,1,0,64,0.09448724342655623,0.15028160871588625,-0.06293828399558471,-0.07357367192933194,-0.05315430242042338,-0.05579436528933002,0.0
discovery,comforting,selected_k16_plus_resid_post_layer08,selected_set_plus_surrounding_residual,17,1,64,0.9333858378231525,0.04803602793106165,0.9987101292660744,0.9982315103316719,0.999135428076883,0.8853498098920909,1.0
discovery,comforting,selected_k16_plus_resid_post_layer08,selected_set_plus_surrounding_residual,17,0,64,0.09448724342655623,0.0015375153395140728,0.10485102488966562,0.06891456361283714,0.14890158168082135,0.09294972808704216,1.0
discovery,comforting,resid_post_layer12_positive_control,positive_control,1,1,64,0.9333858378231525,0.046892566204178365,1.0,1.0,1.0,0.8864932716189742,1.0
discovery,comforting,resid_post_layer12_positive_control,positive_control,1,0,64,0.09448724342655623,0.001518799897063161,0.10487213666011,0.0689249976170239,0.1489339851118483,0.09296844352949307,1.0
validation,confused,selected_single_rank1,selected_strong_individual,1,1,64,0.9152023540809751,0.9017196362838149,0.01998398644369502,0.016613618108513667,0.023259248743098378,0.013482717797160149,0.921875
validation,confused,selected_single_rank1,selected_strong_individual,1,0,64,0.39349339532782324,0.41297304473118857,-0.028872594936814478,-0.040042148413733415,-0.018751008559052505,-0.01947964940336533,0.21875
validation,confused,selected_single_rank2,selected_strong_individual,1,1,64,0.9152023540809751,0.8567227246239781,0.08667808225928213,0.07970691938429343,0.09386384151298663,0.05847962945699692,1.0
validation,confused,selected_single_rank2,selected_strong_individual,1,0,64,0.39349339532782324,0.32039207630441524,0.10835024439120938,0.09365461087726866,0.1235784633028625,0.073101319023408,1.0
validation,confused,selected_single_rank3,selected_strong_individual,1,1,64,0.9152023540809751,0.8942620446905494,0.03103757456624869,0.028157858894588057,0.03404735499348135,0.020940309390425682,1.0
validation,confused,selected_single_rank3,selected_strong_individual,1,0,64,0.39349339532782324,0.3698995393351652,0.0349706420771547,0.028426394847609556,0.04225558393972326,0.023593855992658064,0.984375
validation,confused,selected_single_rank4,selected_strong_individual,1,1,64,0.9152023540809751,0.8616175903007388,0.07942294788654483,0.07278603793137656,0.08634275023515929,0.053584763780236244,1.0
validation,confused,selected_single_rank4,selected_strong_individual,1,0,64,0.39349339532782324,0.3377069753478281,0.08268622672331806,0.07117336014418213,0.09498349873623049,0.05578641997999512,1.0
validation,confused,random_single_rank1,random_individual_control,1,1,64,0.9152023540809751,0.9193787146359682,-0.0061901712971063555,-0.007575833502149763,-0.004972363246322855,-0.004176360554993153,0.03125
validation,confused,random_single_rank1,random_individual_control,1,0,64,0.39349339532782324,0.3961878383124713,-0.003993683832042916,-0.006093374764295799,-0.0018951632973194536,-0.002694442984648049,0.34375
validation,confused,random_single_rank2,random_individual_control,1,1,64,0.9152023540809751,0.9142627986148,0.0013926022914383868,0.0010378977307915927,0.0017413772825748525,0.0009395554661750793,0.859375
validation,confused,random_single_rank2,random_individual_control,1,0,64,0.39349339532782324,0.39234050700906664,0.0017088026968849626,0.0011109540934942294,0.002364758366106992,0.0011528883187565953,0.8125
validation,confused,random_single_rank3,random_individual_control,1,1,64,0.9152023540809751,0.9197806306183338,-0.006785888248535127,-0.00778412585546242,-0.005900203118859928,-0.004578276537358761,0.0
validation,confused,random_single_rank3,random_individual_control,1,0,64,0.39349339532782324,0.40111355541739613,-0.01129454596764499,-0.013384704894111555,-0.009181082650333194,-0.007620160089572892,0.015625
validation,confused,random_single_rank4,random_individual_control,1,1,64,0.9152023540809751,0.9148182403296232,0.0005693306138521042,0.00039935650387961475,0.0007391448764145034,0.00038411375135183334,0.84375
validation,confused,random_single_rank4,random_individual_control,1,0,64,0.39349339532782324,0.39354973362060264,-8.350420858038051e-05,-0.0007116119424538088,0.0004865404553801145,-5.6338292779400945e-05,0.53125
validation,confused,selected_k16,complete_selected_set,16,1,64,0.9152023540809751,0.44729417096823454,0.6935301123181927,0.6810355165537206,0.7060260598287524,0.4679081831127405,1.0
validation,confused,selected_k16,complete_selected_set,16,0,64,0.39349339532782324,0.14185156874009408,0.3729816886217885,0.31888415074342935,0.42958685534849356,0.25164182658772916,1.0
validation,confused,random_k16,matched_random_set,16,1,64,0.9152023540809751,0.9207703527063131,-0.008252847142636592,-0.010846924559697773,-0.00616266134043187,-0.0055679986253380775,0.046875
validation,confused,random_k16,matched_random_set,16,0,64,0.39349339532782324,0.4007220407947898,-0.010714245836144694,-0.0146355217333146,-0.006891942902310139,-0.0072286454669665545,0.28125
validation,confused,resid_post_layer08_context,surrounding_residual_context,1,1,64,0.9152023540809751,0.7593768360093236,0.230963451699741,0.21556805495991807,0.24661064704323604,0.15582551807165146,1.0
validation,confused,resid_post_layer08_context,surrounding_residual_context,1,0,64,0.39349339532782324,0.32550787896616384,0.10076763882317351,0.07745481792493253,0.12496496182071301,0.06798551636165939,0.859375
validation,confused,selected_k16_plus_resid_post_layer08,selected_set_plus_surrounding_residual,17,1,64,0.9152023540809751,0.2990072565153241,0.9133199004593119,0.9085680378270985,0.9180008296558043,0.6161950975656509,1.0
validation,confused,selected_k16_plus_resid_post_layer08,selected_set_plus_surrounding_residual,17,0,64,0.39349339532782324,0.11027370486408472,0.41978616922524187,0.35756591036548535,0.4845926694278441,0.2832196904637385,1.0
validation,confused,resid_post_layer12_positive_control,positive_control,1,1,64,0.9152023540809751,0.24052626604679972,1.0,1.0,1.0,0.6746760880341753,1.0
validation,confused,resid_post_layer12_positive_control,positive_control,1,0,64,0.39349339532782324,0.08940902236645343,0.45071165015998993,0.38451012748982666,0.5188454322479288,0.3040843729613698,1.0
validation,finnish,selected_single_rank1,selected_strong_individual,1,1,64,0.8565601916052401,0.578024439746514,0.44658403377325234,0.4098583057400225,0.4852375372588805,0.27853575185872614,1.0
validation,finnish,selected_single_rank1,selected_strong_individual,1,0,64,0.07205120480284677,0.0322708327272494,0.06378096494963312,0.047136984394648786,0.08291889064951279,0.03978037207559737,1.0
validation,finnish,selected_single_rank2,selected_strong_individual,1,1,64,0.8565601916052401,0.5187536213779822,0.5416145674674907,0.5008322418694539,0.5832132405458166,0.3378065702272579,1.0
validation,finnish,selected_single_rank2,selected_strong_individual,1,0,64,0.07205120480284677,0.030190666159910506,0.06711615323466748,0.05038806919914526,0.08631777540721028,0.04186053864293626,1.0
validation,finnish,selected_single_rank3,selected_strong_individual,1,1,64,0.8565601916052401,0.8499729363247752,0.010561527613648081,0.006650315598312672,0.015319058417412986,0.006587255280464888,0.921875
validation,finnish,selected_single_rank3,selected_strong_individual,1,0,64,0.07205120480284677,0.06798206907114945,0.006524157264931486,0.004298252012830723,0.009199127481862815,0.004069135731697315,0.921875
validation,finnish,selected_single_rank4,selected_strong_individual,1,1,64,0.8565601916052401,0.7969916397705674,0.09550789795147005,0.07916017546719714,0.11400064027843568,0.05956855183467269,1.0
validation,finnish,selected_single_rank4,selected_strong_individual,1,0,64,0.07205120480284677,0.056499922307921224,0.024933799056624198,0.018971557725689186,0.031607932275556305,0.015551282494925545,1.0
validation,finnish,random_single_rank1,random_individual_control,1,1,64,0.8565601916052401,0.8698115390725434,-0.021246249953150744,-0.02821467839773049,-0.015495302873073855,-0.013251347467303276,0.015625
validation,finnish,random_single_rank1,random_individual_control,1,0,64,0.07205120480284677,0.07568636678843177,-0.005828355218705027,-0.007755186444011484,-0.004269221430108629,-0.0036351619855850004,0.046875
validation,finnish,random_single_rank2,random_individual_control,1,1,64,0.8565601916052401,0.8555854330770671,0.0015628571648753878,0.000275017437221059,0.0026582190759480463,0.0009747585281729698,0.859375
validation,finnish,random_single_rank2,random_individual_control,1,0,64,0.07205120480284677,0.07082241747775697,0.0019701485235776015,0.001472418320062025,0.002521750974652435,0.0012287873250897974,0.90625
validation,finnish,random_single_rank3,random_individual_control,1,1,64,0.8565601916052401,0.857942902483046,-0.002216938390249918,-0.003735009864265107,-0.0010218176334896275,-0.0013827108778059483,0.15625
validation,finnish,random_single_rank3,random_individual_control,1,0,64,0.07205120480284677,0.07173321719528758,0.0005098382793807938,8.061092861274889e-05,0.0010267049088876525,0.0003179876075591892,0.546875
validation,finnish,random_single_rank4,random_individual_control,1,1,64,0.8565601916052401,0.856430156622082,0.0002084886658996666,-0.0002198179016460957,0.000753416210167006,0.00013003498315811157,0.453125
validation,finnish,random_single_rank4,random_individual_control,1,0,64,0.07205120480284677,0.0718847396565252,0.00026689814873261716,7.38361950805189e-05,0.00046476858872865763,0.0001664651463215705,0.625
validation,finnish,selected_k16,complete_selected_set,16,1,64,0.8565601916052401,0.26837837422961286,0.9430480893128509,0.9322550575041956,0.9531468752010217,0.5881818173756272,1.0
validation,finnish,selected_k16,complete_selected_set,16,0,64,0.07205120480284677,0.015309218643989375,0.09097598744157309,0.06808310937020562,0.11721114480916331,0.056741986158857394,1.0
validation,finnish,random_k16,matched_random_set,16,1,64,0.8565601916052401,0.8698577294126153,-0.02132030819613399,-0.03023243809467544,-0.014236652934311846,-0.013297537807375193,0.03125
validation,finnish,random_k16,matched_random_set,16,0,64,0.07205120480284677,0.07577304166625254,-0.005967323434834191,-0.008120692081515576,-0.003980931083285561,-0.0037218368634057697,0.078125
validation,finnish,resid_post_layer08_context,surrounding_residual_context,1,1,64,0.8565601916052401,0.7402489027008414,0.18648508934909713,0.15892650910614836,0.21696892032796736,0.11631128890439868,1.0
validation,finnish,resid_post_layer08_context,surrounding_residual_context,1,0,64,0.07205120480284677,0.05383638080365927,0.029204328427299368,0.01376389171603084,0.046694898617526,0.0182148239991875,0.875
validation,finnish,selected_k16_plus_resid_post_layer08,selected_set_plus_surrounding_residual,17,1,64,0.8565601916052401,0.24038954113202848,0.9879233554211143,0.9844826255309415,0.9908535910351746,0.6161706504732116,1.0
validation,finnish,selected_k16_plus_resid_post_layer08,selected_set_plus_surrounding_residual,17,0,64,0.07205120480284677,0.012315475788911456,0.09577593772220584,0.07173114984021291,0.12362980835300753,0.05973572901393531,1.0
validation,finnish,resid_post_layer12_positive_control,positive_control,1,1,64,0.8565601916052401,0.23285730302380614,1.0,1.0,1.0,0.623702888581434,1.0
validation,finnish,resid_post_layer12_positive_control,positive_control,1,0,64,0.07205120480284677,0.011737761058962626,0.09670220364228647,0.07238877291576358,0.12499259791931322,0.06031344374388414,1.0
discovery,german,selected_single_rank1,selected_strong_individual,1,1,64,0.74642862402834,0.4553389302454889,0.4495899127046684,0.408696126516385,0.49097853669411196,0.2910896937828511,1.0
discovery,german,selected_single_rank1,selected_strong_individual,1,0,64,0.03371981994496309,0.01969639469007234,0.02165927090799052,0.01623941932775254,0.028185002638498276,0.014023425254890753,0.984375
discovery,german,selected_single_rank2,selected_strong_individual,1,1,64,0.74642862402834,0.326904506131541,0.6479577105310647,0.603693653698,0.6899301538112241,0.419524117896799,1.0
discovery,german,selected_single_rank2,selected_strong_individual,1,0,64,0.03371981994496309,0.014665509534211196,0.0294295055344975,0.022324121495256543,0.03794981219972944,0.019054310410751896,1.0
discovery,german,selected_single_rank3,selected_strong_individual,1,1,64,0.74642862402834,0.7433510681148618,0.004753304991679115,0.0019372119846152662,0.007966182628054711,0.003077555913478136,0.71875
discovery,german,selected_single_rank3,selected_strong_individual,1,0,64,0.03371981994496309,0.0330701702641818,0.0010033881291893576,0.0006071377334146543,0.001412483465642096,0.0006496496807812946,0.875
discovery,german,selected_single_rank4,selected_strong_individual,1,1,64,0.74642862402834,0.6762097517494112,0.10845350190121948,0.09370901503423096,0.12393201628910784,0.07021887227892876,1.0
discovery,german,selected_single_rank4,selected_strong_individual,1,0,64,0.03371981994496309,0.026932798021334747,0.010482599210279917,0.00826142734709018,0.013071302198807384,0.006787021923628345,1.0
discovery,german,random_single_rank1,random_individual_control,1,1,64,0.74642862402834,0.7485201328527182,-0.003230348891962931,-0.004874396923935964,-0.0016300904664241877,-0.002091508824378252,0.296875
discovery,german,random_single_rank1,random_individual_control,1,0,64,0.03371981994496309,0.03424054960851208,-0.0008042703296543665,-0.0011437525955666729,-0.0004999158731465739,-0.0005207296635489911,0.109375
discovery,german,random_single_rank2,random_individual_control,1,1,64,0.74642862402834,0.7425775155425072,0.005948061937408873,0.0045774791004612875,0.00756572847235597,0.0038511084858328104,0.96875
discovery,german,random_single_rank2,random_individual_control,1,0,64,0.03371981994496309,0.03321534817951033,0.0007791599010065654,0.0005830585049993504,0.001011353612395868,0.0005044717654527631,0.96875
discovery,german,random_single_rank3,random_individual_control,1,1,64,0.74642862402834,0.7505438707303256,-0.006356025118787212,-0.007337580803251665,-0.005398329495933981,-0.004115246701985598,0.015625
discovery,german,random_single_rank3,random_individual_control,1,0,64,0.03371981994496309,0.03413647200613923,-0.0006435218003703686,-0.0009430211138268317,-0.0003761867386097151,-0.00041665206117613707,0.1875
discovery,german,random_single_rank4,random_individual_control,1,1,64,0.74642862402834,0.7449309211224318,0.0023132118144557853,0.0019037202094105974,0.0027711764137965935,0.001497702905908227,0.96875
discovery,german,random_single_rank4,random_individual_control,1,0,64,0.03371981994496309,0.033558570157765644,0.0002490513381206425,0.0001882203955529913,0.00031493490194392775,0.0001612497871974483,0.9375
discovery,german,selected_k16,complete_selected_set,16,1,64,0.74642862402834,0.1441187997261295,0.9302714150065456,0.9120043201566282,0.9466073211237115,0.6023098243022105,1.0
discovery,german,selected_k16,complete_selected_set,16,0,64,0.03371981994496309,0.008664339981862668,0.03869835068014188,0.0291039368194421,0.05026701670787497,0.025055479963100424,1.0
discovery,german,random_k16,matched_random_set,16,1,64,0.74642862402834,0.74011594732292,0.009749969956132403,0.007214341160598661,0.012412024766123235,0.006312676705420017,0.84375
discovery,german,random_k16,matched_random_set,16,0,64,0.03371981994496309,0.033102559040344204,0.0009533634551508114,0.00014399468270432202,0.0018566591215713867,0.0006172609046188882,0.671875
discovery,german,resid_post_layer08_context,surrounding_residual_context,1,1,64,0.74642862402834,0.5693018595920876,0.27357343204311885,0.24886756120829884,0.2998972621798895,0.17712676443625242,1.0
discovery,german,resid_post_layer08_context,surrounding_residual_context,1,0,64,0.03371981994496309,0.022633883259914,0.0171223008334977,0.012907036603938276,0.022371802794406138,0.011085936685049091,0.953125
discovery,german,selected_k16_plus_resid_post_layer08,selected_set_plus_surrounding_residual,17,1,64,0.74642862402834,0.11019446099544439,0.9826677753526806,0.9760302435058124,0.9882501306820212,0.6362341630328956,1.0
discovery,german,selected_k16_plus_resid_post_layer08,selected_set_plus_surrounding_residual,17,0,64,0.03371981994496309,0.005478129618211369,0.04361947317210243,0.03259327649051492,0.056788012816964925,0.028241690326751723,1.0
discovery,german,resid_post_layer12_positive_control,positive_control,1,1,64,0.74642862402834,0.09897260787420237,1.0,1.0,1.0,0.6474560161541376,1.0
discovery,german,resid_post_layer12_positive_control,positive_control,1,0,64,0.03371981994496309,0.0045037970897681134,0.04512433605719963,0.033544172347686266,0.05906930411255637,0.02921602285519498,1.0
validation,jokey,selected_single_rank1,selected_strong_individual,1,1,64,0.7405904487823136,0.6788485654979013,0.18141259536938623,0.16428764544372437,0.198878842789184,0.061741883284412324,0.984375
validation,jokey,selected_single_rank1,selected_strong_individual,1,0,64,0.1804369172027691,0.16078968093552248,0.05772833502110865,0.03420318625779304,0.09168008947758302,0.019647236267246626,0.84375
validation,jokey,selected_single_rank2,selected_strong_individual,1,1,64,0.7405904487823136,0.7215136680169962,0.05605219869933471,0.04999083040931195,0.06198840993152578,0.01907678076531738,0.953125
validation,jokey,selected_single_rank2,selected_strong_individual,1,0,64,0.1804369172027691,0.17232498361727266,0.02383482405987008,0.015839641966974932,0.033977906310152066,0.008111933585496445,0.96875
validation,jokey,selected_single_rank3,selected_strong_individual,1,1,64,0.7405904487823136,0.6796095113095362,0.17917675241674666,0.15339075618710213,0.20594949117087422,0.06098093747277744,0.984375
validation,jokey,selected_single_rank3,selected_strong_individual,1,0,64,0.1804369172027691,0.1476559771454049,0.09631833527106058,0.06470609733685129,0.13462997135279298,0.032780940057364205,0.828125
validation,jokey,selected_single_rank4,selected_strong_individual,1,1,64,0.7405904487823136,0.725456393964123,0.044467515679484836,0.037758334849170655,0.051018724704736805,0.015134054818190634,0.9375
validation,jokey,selected_single_rank4,selected_strong_individual,1,0,64,0.1804369172027691,0.1760396326430964,0.012920286232171835,0.007073051634842343,0.02101454704267837,0.004397284559672698,0.796875
validation,jokey,random_single_rank1,random_individual_control,1,1,64,0.7405904487823136,0.7520478870137595,-0.033664726362109154,-0.039260112370809314,-0.02871260602099955,-0.011457438231445849,0.0
validation,jokey,random_single_rank1,random_individual_control,1,0,64,0.1804369172027691,0.1851023987555891,-0.013708313904942841,-0.019077455431175613,-0.009347345926061542,-0.004665481552819983,0.140625
validation,jokey,random_single_rank2,random_individual_control,1,1,64,0.7405904487823136,0.7389756516204216,0.004744664862011348,0.0035518379805750083,0.0059745590229813945,0.0016147971618920565,0.875
validation,jokey,random_single_rank2,random_individual_control,1,0,64,0.1804369172027691,0.18032961128847091,0.00031529074553245904,-0.0007780520691513282,0.0013405562509980016,0.0001073059142981947,0.65625
validation,jokey,random_single_rank3,random_individual_control,1,1,64,0.7405904487823136,0.7454614644520916,-0.014312222882298579,-0.017443875854784022,-0.011386302481048077,-0.004871015669777989,0.078125
validation,jokey,random_single_rank3,random_individual_control,1,0,64,0.1804369172027691,0.1815791091285064,-0.003356036302026276,-0.005734852464537979,-0.0010690249378483418,-0.0011421919257372792,0.3125
validation,jokey,random_single_rank4,random_individual_control,1,1,64,0.7405904487823136,0.738797283032909,0.00526875493947077,0.004173967779447536,0.006534992002014187,0.0017931657494045794,0.9375
validation,jokey,random_single_rank4,random_individual_control,1,0,64,0.1804369172027691,0.18001288300501983,0.0012459150943731122,0.0007041928386582155,0.001981709512536251,0.000424034197749279,0.75
validation,jokey,selected_k16,complete_selected_set,16,1,64,0.7405904487823136,0.4547254417993827,0.8399405732923917,0.823574152518115,0.8557156341665779,0.28586500698293094,1.0
validation,jokey,selected_k16,complete_selected_set,16,0,64,0.1804369172027691,0.11672496363762264,0.18720113863493168,0.12447328376256218,0.2654037552740095,0.06371195356514647,0.875
validation,jokey,random_k16,matched_random_set,16,1,64,0.7405904487823136,0.7518888423219323,-0.033197414566788985,-0.0405507670490991,-0.02643072870307012,-0.0112983935396187,0.0625
validation,jokey,random_k16,matched_random_set,16,0,64,0.1804369172027691,0.18827122155698817,-0.023019082188757537,-0.03182014208923308,-0.015780138154545563,-0.007834304354219057,0.171875
validation,jokey,resid_post_layer08_context,surrounding_residual_context,1,1,64,0.7405904487823136,0.5749342342096497,0.48673804921467323,0.4531482046360617,0.5206469363819736,0.16565621457266388,0.984375
validation,jokey,resid_post_layer08_context,surrounding_residual_context,1,0,64,0.1804369172027691,0.16461501086760677,0.04648858990470385,0.011692472274180148,0.0919937775223876,0.01582190633516234,0.453125
validation,jokey,selected_k16_plus_resid_post_layer08,selected_set_plus_surrounding_residual,17,1,64,0.7405904487823136,0.413975775038125,0.9596729561473817,0.9542758166918558,0.9647238752396876,0.3266146737441886,1.0
validation,jokey,selected_k16_plus_resid_post_layer08,selected_set_plus_surrounding_residual,17,0,64,0.1804369172027691,0.11978467258977687,0.1782109732470647,0.11364219495096273,0.2577189607912934,0.060652244612992234,0.78125
validation,jokey,resid_post_layer12_positive_control,positive_control,1,1,64,0.7405904487823136,0.40025088658876484,1.0,1.0,1.0,0.3403395621935488,1.0
validation,jokey,resid_post_layer12_positive_control,positive_control,1,0,64,0.1804369172027691,0.11978778160191794,0.17820183821697586,0.11274542180383601,0.2589855315569561,0.06064913560085117,0.78125
validation,literature-focused,selected_single_rank1,selected_strong_individual,1,1,64,0.9207227367442101,0.9172406520228833,0.003782557702548278,0.0009055248588109145,0.006541170748283397,0.003482084721326828,0.765625
validation,literature-focused,selected_single_rank1,selected_strong_individual,1,0,64,0.04963596570746631,0.04355290018281721,0.006607980045528497,0.0023200559557236683,0.011451464344492518,0.0060830655246491006,0.46875
validation,literature-focused,selected_single_rank2,selected_strong_individual,1,1,64,0.9207227367442101,0.8773376597091556,0.04712882380761379,0.04085454071287832,0.05376827121776914,0.043385077035054564,1.0
validation,literature-focused,selected_single_rank2,selected_strong_individual,1,0,64,0.04963596570746631,0.0369908110543804,0.013736319176840296,0.010266794575056032,0.01760431781461762,0.01264515465308591,0.984375
validation,literature-focused,selected_single_rank3,selected_strong_individual,1,1,64,0.9207227367442101,0.4533694011042826,0.5076817771575736,0.47811296041415163,0.5392871616620503,0.46735333563992754,1.0
validation,literature-focused,selected_single_rank3,selected_strong_individual,1,0,64,0.04963596570746631,0.003418620803399719,0.05020549123560481,0.03605215846374491,0.06722934254362056,0.04621734490406659,1.0
validation,literature-focused,selected_single_rank4,selected_strong_individual,1,1,64,0.9207227367442101,0.8997260348405689,0.022808530771033394,0.019435361715941662,0.02654033186476813,0.020996701903641224,1.0
validation,literature-focused,selected_single_rank4,selected_strong_individual,1,0,64,0.04963596570746631,0.04419822293841946,0.005906971668310479,0.004215123523544109,0.007711859303316285,0.005437742769046849,0.890625
validation,literature-focused,random_single_rank1,random_individual_control,1,1,64,0.9207227367442101,0.7929011716041714,0.1388514308141239,0.1217236779682213,0.15769693370858562,0.12782156514003873,1.0
validation,literature-focused,random_single_rank1,random_individual_control,1,0,64,0.04963596570746631,0.011212830474946145,0.04173871050284014,0.03053111497630736,0.05467286297034385,0.03842313523252017,1.0
validation,literature-focused,random_single_rank2,random_individual_control,1,1,64,0.9207227367442101,0.9194642934016883,0.001367035824637421,0.0010138961309991647,0.0017939460381101583,0.0012584433425217867,1.0
validation,literature-focused,random_single_rank2,random_individual_control,1,0,64,0.04963596570746631,0.04872794374971079,0.000986376187045319,0.0006547593977768329,0.001354382123095436,0.0009080219577555226,0.78125
validation,literature-focused,random_single_rank3,random_individual_control,1,1,64,0.9207227367442101,0.9286206816323102,-0.008579467377060567,-0.010273441816179523,-0.007063017987505653,-0.007897944888100028,0.0
validation,literature-focused,random_single_rank3,random_individual_control,1,0,64,0.04963596570746631,0.05327641404407757,-0.003954586691139129,-0.00519840617173452,-0.0028553637592526582,-0.0036404483366112572,0.078125
validation,literature-focused,random_single_rank4,random_individual_control,1,1,64,0.9207227367442101,0.917069724528119,0.003968234721817277,0.0032475187455588833,0.004819213940820644,0.003653012216091156,1.0
validation,literature-focused,random_single_rank4,random_individual_control,1,0,64,0.04963596570746631,0.046327357167939454,0.003594112067191621,0.002757437668688331,0.004490078533061187,0.0033086085395268583,1.0
validation,literature-focused,selected_k16,complete_selected_set,16,1,64,0.9207227367442101,0.0003780228051155632,0.9997622876284874,0.9996046911599199,0.9998815602680753,0.9203447139390946,1.0
validation,literature-focused,selected_k16,complete_selected_set,16,0,64,0.04963596570746631,1.302837499564391e-06,0.05391769338703518,0.03795203697453268,0.07375596160104272,0.04963466286996675,1.0
validation,literature-focused,random_k16,matched_random_set,16,1,64,0.9207227367442101,0.6308687101118267,0.31486585445146287,0.2850311912722745,0.34707239948848706,0.28985402663238347,1.0
validation,literature-focused,random_k16,matched_random_set,16,0,64,0.04963596570746631,0.0038051226061899257,0.04978563776040395,0.0354212181624258,0.06729358813244961,0.045830843101276386,1.0
validation,literature-focused,resid_post_layer08_context,surrounding_residual_context,1,1,64,0.9207227367442101,0.7824105267645791,0.15024732511837785,0.09126914113009886,0.21784179039010065,0.138312209979631,1.0
validation,literature-focused,resid_post_layer08_context,surrounding_residual_context,1,0,64,0.04963596570746631,0.06239400091362768,-0.013858940318964829,-0.019568659736806753,-0.00917623951170885,-0.012758035206161367,0.078125
validation,literature-focused,selected_k16_plus_resid_post_layer08,selected_set_plus_surrounding_residual,17,1,64,0.9207227367442101,0.00033146595040367544,0.9998128619262114,0.9996780274576148,0.9999123222082289,0.9203912707938064,1.0
validation,literature-focused,selected_k16_plus_resid_post_layer08,selected_set_plus_surrounding_residual,17,0,64,0.04963596570746631,1.364077872989533e-06,0.0539176268621615,0.037951980996960254,0.07375586029653362,0.04963460162959332,1.0
validation,literature-focused,resid_post_layer12_positive_control,positive_control,1,1,64,0.9207227367442101,0.00015919346211390462,1.0,1.0,1.0,0.9205635432820962,1.0
validation,literature-focused,resid_post_layer12_positive_control,positive_control,1,0,64,0.04963596570746631,1.7299285709482248e-07,0.05391892072723425,0.03795334404369941,0.07375726451491474,0.04963579271460922,1.0
validation,mathematical,selected_single_rank1,selected_strong_individual,1,1,64,0.4638590568793006,0.41086245564838464,0.12221598753362406,0.10453358823862473,0.1428296663519097,0.052996601230915985,0.96875
validation,mathematical,selected_single_rank1,selected_strong_individual,1,0,64,0.01196404593650513,0.012875103849300018,-0.002100999685383506,-0.0037114050030954094,-0.0008883776916469607,-0.0009110579127948881,0.0625
validation,mathematical,selected_single_rank2,selected_strong_individual,1,1,64,0.4638590568793006,0.3168575777785918,0.33900156840088,0.3050058734228224,0.37829134572486234,0.14700147910070882,1.0
validation,mathematical,selected_single_rank2,selected_strong_individual,1,0,64,0.01196404593650513,0.006132915669033956,0.013447227322578956,0.002627034952532476,0.032146782077182544,0.005831130267471174,1.0
validation,mathematical,selected_single_rank3,selected_strong_individual,1,1,64,0.4638590568793006,0.41386260957006016,0.11529730282981045,0.10050099298216823,0.1331227343276371,0.049996447309240466,1.0
validation,mathematical,selected_single_rank3,selected_strong_individual,1,0,64,0.01196404593650513,0.0088962229645837,0.007074736971490778,0.0010304714102059153,0.017531407755126557,0.00306782297192143,0.546875
validation,mathematical,selected_single_rank4,selected_strong_individual,1,1,64,0.4638590568793006,0.3006706996993671,0.37633028842424565,0.33925643063472094,0.41743805271273665,0.16318835717993352,1.0
validation,mathematical,selected_single_rank4,selected_strong_individual,1,0,64,0.01196404593650513,0.006754120445190637,0.012014660829346869,0.0029223455378527075,0.02636805031075772,0.005209925491314493,1.0
validation,mathematical,random_single_rank1,random_individual_control,1,1,64,0.4638590568793006,0.47403088517603464,-0.023457354083729474,-0.029818842515433614,-0.018016284380655855,-0.01017182829673402,0.078125
validation,mathematical,random_single_rank1,random_individual_control,1,0,64,0.01196404593650513,0.012304625719014695,-0.0007854144131248834,-0.0019526757663283875,3.539813197707078e-05,-0.00034057978250956467,0.5625
validation,mathematical,random_single_rank2,random_individual_control,1,1,64,0.4638590568793006,0.45553661287704017,0.019192470626516214,0.01568281143802821,0.023102987144677383,0.008322444002260454,1.0
validation,mathematical,random_single_rank2,random_individual_control,1,0,64,0.01196404593650513,0.011644945699316622,0.0007358802207009583,0.00019200299507803073,0.0016520072532907502,0.00031910023718850766,0.90625
validation,mathematical,random_single_rank3,random_individual_control,1,1,64,0.4638590568793006,0.46983098219061503,-0.013771916169098846,-0.016869279622609163,-0.010970610234378887,-0.005971925311314408,0.09375
validation,mathematical,random_single_rank3,random_individual_control,1,0,64,0.01196404593650513,0.011968611685658104,-1.0529119388810607e-05,-0.0001293410646207301,0.00013429731883105218,-4.565749152973808e-06,0.75
validation,mathematical,random_single_rank4,random_individual_control,1,1,64,0.4638590568793006,0.46382892989277025,6.947614233182643e-05,-0.0012135075641585408,0.001269371497808948,3.0126986530376598e-05,0.578125
validation,mathematical,random_single_rank4,random_individual_control,1,0,64,0.01196404593650513,0.011928586222438753,8.177399817394493e-05,-1.6315504149243452e-05,0.00022385449872571158,3.5459714066377046e-05,0.796875
validation,mathematical,selected_k16,complete_selected_set,16,1,64,0.4638590568793006,0.060036482890986065,0.9312592415749302,0.9173086992438917,0.9454179124485779,0.40382257398831456,1.0
validation,mathematical,selected_k16,complete_selected_set,16,0,64,0.01196404593650513,0.0012571227750814984,0.024691341656390302,0.005276815846343146,0.05802314861604751,0.010706923161423632,0.71875
validation,mathematical,random_k16,matched_random_set,16,1,64,0.4638590568793006,0.45658161719256896,0.016782575813775936,0.009805209409152539,0.02423063244133872,0.007277439686731668,0.71875
validation,mathematical,random_k16,matched_random_set,16,0,64,0.01196404593650513,0.01086246292482862,0.002540371504876247,0.0009555695566023567,0.004719582101225036,0.0011015830116765102,0.875
validation,mathematical,resid_post_layer08_context,surrounding_residual_context,1,1,64,0.4638590568793006,0.27492685589777466,0.4356984218525374,0.38351800835826744,0.48992960915792855,0.18893220098152597,1.0
validation,mathematical,resid_post_layer08_context,surrounding_residual_context,1,0,64,0.01196404593650513,0.007635558018353805,0.009981968902859044,0.0017063054157243015,0.023324623621247965,0.004328487918151325,0.5625
validation,mathematical,selected_k16_plus_resid_post_layer08,selected_set_plus_surrounding_residual,17,1,64,0.4638590568793006,0.04087158588161266,0.9754556005786921,0.9684296382755451,0.9818980760709214,0.42298747099768796,1.0
validation,mathematical,selected_k16_plus_resid_post_layer08,selected_set_plus_surrounding_residual,17,0,64,0.01196404593650513,0.000991743235765341,0.025303336043113765,0.005576824072905054,0.059160347795678296,0.010972302700739789,0.8125
validation,mathematical,resid_post_layer12_positive_control,positive_control,1,1,64,0.4638590568793006,0.030228381380847047,1.0,1.0,1.0,0.4336306754984536,1.0
validation,mathematical,resid_post_layer12_positive_control,positive_control,1,0,64,0.01196404593650513,0.0006381856373778305,0.026118678726103385,0.006123033198719876,0.060419769336791496,0.0113258602991273,0.953125
