panel,scope,concept,direction,estimand,source_role,mapping_id,estimate,ci_low,ci_high
C,mapping,deception,rescue,conditional,selected,within_15015,0.305753719664,0.269082092629,0.343447112667
C,mapping,deception,rescue,conditional,selected,within_15004,0.425122977662,0.385295392932,0.464459167274
C,mapping,deception,rescue,conditional,selected,cross_15130,0.0962260379639,0.0802350784281,0.112406663573
C,mapping,deception,rescue,conditional,selected,cross_15122,-0.0110106185435,-0.0184920572497,-0.00401876284911
A,population,deception,rescue,conditional,selected,mean_of_four_benign_selected_mappings,0.204023029187,0.183354034629,0.224575133633
C,mapping,deception,rescue,conditional,null,within_15015,-0.0194674673686,-0.0246662414546,-0.014728912758
C,mapping,deception,rescue,conditional,null,within_15004,-0.00472753045561,-0.00969736994465,6.20042843274e-05
C,mapping,deception,rescue,conditional,null,cross_15130,0.00732276467335,0.00475064777183,0.00988369592799
C,mapping,deception,rescue,conditional,null,cross_15122,-0.00257839645216,-0.00594564211412,0.000601208506824
A,population,deception,rescue,conditional,null,mean_of_four_benign_selected_mappings,-0.00486265740074,-0.00639905867997,-0.00339637000498
B,contrast,deception,rescue,conditional,selected_minus_null,mean_of_four_route_matched_contrasts,0.208885686587,0.18761975979,0.229937390079
C,mapping,deception,rescue,delta,selected,within_15015,0.186616836503,0.154142769806,0.220361375178
C,mapping,deception,rescue,delta,selected,within_15004,0.334558440421,0.291372418574,0.37669696256
C,mapping,deception,rescue,delta,selected,cross_15130,0.0163571583827,0.0114986711013,0.0218553486238
C,mapping,deception,rescue,delta,selected,cross_15122,-0.00362143633674,-0.00610485961511,-0.00143200738766
A,population,deception,rescue,delta,selected,mean_of_four_benign_selected_mappings,0.133477749742,0.114375675953,0.152643724957
C,mapping,deception,rescue,delta,null,within_15015,-0.00436820494723,-0.00622084633516,-0.00279948148157
C,mapping,deception,rescue,delta,null,within_15004,-0.00183018823512,-0.00291051977291,-0.000808433015448
C,mapping,deception,rescue,delta,null,cross_15130,0.00283800524671,0.00169448899604,0.00404798594256
C,mapping,deception,rescue,delta,null,cross_15122,0.00104652185666,0.000400138694058,0.00177813452625
A,population,deception,rescue,delta,null,mean_of_four_benign_selected_mappings,-0.000578466519745,-0.00100834415979,-0.000189487428321
B,contrast,deception,rescue,delta,selected_minus_null,mean_of_four_route_matched_contrasts,0.134056216262,0.114702858837,0.153347638706
C,mapping,deception,induction,conditional,selected,within_15015,0.488076313553,0.448282646444,0.527443186551
C,mapping,deception,induction,conditional,selected,within_15004,0.64928617688,0.610295094882,0.686879323475
C,mapping,deception,induction,conditional,selected,cross_15130,0.175689412013,0.156312340455,0.196455358178
C,mapping,deception,induction,conditional,selected,cross_15122,-0.0435178007718,-0.0558087980011,-0.0314273097059
A,population,deception,induction,conditional,selected,mean_of_four_benign_selected_mappings,0.317383525419,0.295883924599,0.338735652375
C,mapping,deception,induction,conditional,null,within_15015,-0.04908643377,-0.0583901823631,-0.0406337699888
C,mapping,deception,induction,conditional,null,within_15004,0.00527493950343,-0.00288489454444,0.0122388027321
C,mapping,deception,induction,conditional,null,cross_15130,0.0109125254712,0.00581975098766,0.0163212256917
C,mapping,deception,induction,conditional,null,cross_15122,-0.0211059276627,-0.0286450607462,-0.0136918846966
A,population,deception,induction,conditional,null,mean_of_four_benign_selected_mappings,-0.0135012241145,-0.0171059773871,-0.0101284822638
B,contrast,deception,induction,conditional,selected_minus_null,mean_of_four_route_matched_contrasts,0.330884749533,0.308028564397,0.353813070922
C,mapping,deception,induction,delta,selected,within_15015,0.652179668186,0.600394030489,0.703872467142
C,mapping,deception,induction,delta,selected,within_15004,0.80845803007,0.767159628264,0.846328687344
C,mapping,deception,induction,delta,selected,cross_15130,0.0982108151137,0.0822054161695,0.116730300686
C,mapping,deception,induction,delta,selected,cross_15122,-0.0119112388193,-0.0188937287904,-0.00598506805362
A,population,deception,induction,delta,selected,mean_of_four_benign_selected_mappings,0.386734318638,0.361852859109,0.410316136462
C,mapping,deception,induction,delta,null,within_15015,-0.0152412079961,-0.019641256293,-0.0114596423564
C,mapping,deception,induction,delta,null,within_15004,-0.00230417636816,-0.00529676620273,0.000658608574839
C,mapping,deception,induction,delta,null,cross_15130,0.0119525103732,0.00892641148787,0.0152730386973
C,mapping,deception,induction,delta,null,cross_15122,0.00136706457252,-0.00161924249989,0.00446515445548
A,population,deception,induction,delta,null,mean_of_four_benign_selected_mappings,-0.00105645235464,-0.00239053060628,7.9755874159e-05
B,contrast,deception,induction,delta,selected_minus_null,mean_of_four_route_matched_contrasts,0.387790770992,0.362646021003,0.411728037957
C,mapping,harmful,rescue,conditional,selected,within_15015,0.32392739399,0.294269450687,0.353999350121
C,mapping,harmful,rescue,conditional,selected,within_15004,0.277304965002,0.249560963,0.3040850184
C,mapping,harmful,rescue,conditional,selected,cross_15130,0.0655495194564,0.0437826256415,0.0845733214009
C,mapping,harmful,rescue,conditional,selected,cross_15122,-0.0769720707914,-0.103953919033,-0.052522970885
A,population,harmful,rescue,conditional,selected,mean_of_four_benign_selected_mappings,0.147452451914,0.128922666172,0.163538224349
C,mapping,harmful,rescue,conditional,null,within_15015,-0.139595112258,-0.148034505943,-0.131757976706
C,mapping,harmful,rescue,conditional,null,within_15004,-0.0245747524306,-0.0316986859458,-0.0174786615796
C,mapping,harmful,rescue,conditional,null,cross_15130,-0.0774076440547,-0.0851032719356,-0.0700432455677
C,mapping,harmful,rescue,conditional,null,cross_15122,0.0693469179552,0.0614281551189,0.0772699266262
A,population,harmful,rescue,conditional,null,mean_of_four_benign_selected_mappings,-0.043057647697,-0.0474943733879,-0.0388911952747
B,contrast,harmful,rescue,conditional,selected_minus_null,mean_of_four_route_matched_contrasts,0.190510099611,0.171016257802,0.20795333487
C,mapping,harmful,rescue,delta,selected,within_15015,0.309180811784,0.281407029774,0.337904847959
C,mapping,harmful,rescue,delta,selected,within_15004,0.271928155396,0.246850155219,0.297319286916
C,mapping,harmful,rescue,delta,selected,cross_15130,0.121743175207,0.108271655813,0.134400839411
C,mapping,harmful,rescue,delta,selected,cross_15122,-0.0455947505367,-0.064015665783,-0.0286003464801
A,population,harmful,rescue,delta,selected,mean_of_four_benign_selected_mappings,0.164314347963,0.151322574531,0.176834704258
C,mapping,harmful,rescue,delta,null,within_15015,-0.0734126586435,-0.0795951951443,-0.067563293427
C,mapping,harmful,rescue,delta,null,within_15004,-0.0221980742055,-0.0270911103423,-0.0173587866015
C,mapping,harmful,rescue,delta,null,cross_15130,-0.0582942519033,-0.0658312047319,-0.051564117314
C,mapping,harmful,rescue,delta,null,cross_15122,0.0523697696422,0.0471973827617,0.0576057930984
A,population,harmful,rescue,delta,null,mean_of_four_benign_selected_mappings,-0.0253838037775,-0.0287420326912,-0.0222180294118
B,contrast,harmful,rescue,delta,selected_minus_null,mean_of_four_route_matched_contrasts,0.18969815174,0.175445539496,0.203869229642
C,mapping,harmful,induction,conditional,selected,within_15015,0.252730671456,0.2294786544,0.277008359611
C,mapping,harmful,induction,conditional,selected,within_15004,0.236794274907,0.21493110318,0.257980804572
C,mapping,harmful,induction,conditional,selected,cross_15130,0.117244014783,0.0977332265547,0.134606586993
C,mapping,harmful,induction,conditional,selected,cross_15122,-0.0670060498355,-0.090481226168,-0.0455986258879
A,population,harmful,induction,conditional,selected,mean_of_four_benign_selected_mappings,0.134940727828,0.120529195014,0.148116170473
C,mapping,harmful,induction,conditional,null,within_15015,-0.111458775072,-0.121010415608,-0.102865675328
C,mapping,harmful,induction,conditional,null,within_15004,-0.0153059960391,-0.0213564183514,-0.00942619465802
C,mapping,harmful,induction,conditional,null,cross_15130,-0.0592835371899,-0.0661939299106,-0.0529768883337
C,mapping,harmful,induction,conditional,null,cross_15122,0.0550120944779,0.0475135237789,0.0627782477541
A,population,harmful,induction,conditional,null,mean_of_four_benign_selected_mappings,-0.0327590534558,-0.0367873795136,-0.0291148140035
B,contrast,harmful,induction,conditional,selected_minus_null,mean_of_four_route_matched_contrasts,0.167699781284,0.152862611327,0.181576687484
C,mapping,harmful,induction,delta,selected,within_15015,0.174684084206,0.153329050329,0.196745692678
C,mapping,harmful,induction,delta,selected,within_15004,0.155154335187,0.135532696211,0.174570677193
C,mapping,harmful,induction,delta,selected,cross_15130,0.0736634448359,0.0633262130829,0.0841805917101
C,mapping,harmful,induction,delta,selected,cross_15122,-0.0318033293496,-0.0442372356227,-0.0204111716501
A,population,harmful,induction,delta,selected,mean_of_four_benign_selected_mappings,0.0929246337198,0.0817811851927,0.103837241879
C,mapping,harmful,induction,delta,null,within_15015,-0.0493091868463,-0.0563033336889,-0.0430865835829
C,mapping,harmful,induction,delta,null,within_15004,-0.00433255750316,-0.00737309691607,-0.00116683135301
C,mapping,harmful,induction,delta,null,cross_15130,-0.0233436683345,-0.0279172821996,-0.0193048511103
C,mapping,harmful,induction,delta,null,cross_15122,0.039924509799,0.035193055316,0.0451666643501
A,population,harmful,induction,delta,null,mean_of_four_benign_selected_mappings,-0.00926522572123,-0.0114218966977,-0.00726156784765
B,contrast,harmful,induction,delta,selected_minus_null,mean_of_four_route_matched_contrasts,0.102189859441,0.0903642075701,0.114119107152
