scope,concept,candidate_id,candidate_role,direction,fraction,ci_low,ci_high,patched_mean,positive_example_fraction
,,layer_12.head_02,selected,rescue,0.05583947816580336,0.05242418583830508,0.05939198032772774,0.35514137241989374,1.0
,,layer_12.head_02,selected,induction,0.008773890714732193,0.007124709105193424,0.010564526703899978,0.9478038242086768,1.0
,,layer_12.head_03,selected,rescue,0.08625136007472699,0.08175409968693644,0.09069436686110635,0.3744103889912367,1.0
,,layer_12.head_03,selected,induction,0.020945536365230638,0.01723479702716698,0.025013234339587277,0.9400918502360582,1.0
,,layer_12.head_05,random_control,rescue,0.003146159932714611,0.0018985077594207804,0.004369133932565135,0.3217548024840653,0.75
,,layer_12.head_05,random_control,induction,-0.0002162409194507628,-0.0004241441179708511,-1.988556464320312e-05,0.953499985858798,0.453125
,,layer_12.head_11,random_control,rescue,0.0215430445944697,0.018990480684594618,0.024077303540491986,0.33341109775938094,0.96875
,,layer_12.head_11,random_control,induction,0.00129241850401699,0.0008490058252425642,0.001753061390998663,0.9525440968573093,0.796875
,,layer_12.head_12,selected,rescue,0.10566326143576439,0.10048339850430019,0.11122078830408016,0.38670980045571923,1.0
,,layer_12.head_12,selected,induction,0.023085184363402806,0.018895054873188905,0.0275666669723034,0.9387361658737063,1.0
,,layer_12.head_15,random_control,rescue,0.002880480842288911,0.0016907082889145344,0.004066348531913316,0.3215864677913487,0.671875
,,layer_12.head_15,random_control,induction,-0.00017918213469069486,-0.00040053888568417463,4.9670404800466934e-05,0.9534765053540468,0.28125
,,layer_12.mlp,selected,rescue,0.16153579845700733,0.14016325069530833,0.18281087813925517,0.4221107284538448,0.953125
,,layer_12.mlp,selected,induction,-0.01353370591887952,-0.019815994321697023,-0.00791768652430954,0.961937952786684,0.375
,,layer_11.head_00,random_control,rescue,0.00047790133949989535,0.00023700692250290604,0.0007225980814143493,0.3200641896110028,0.6875
,,layer_11.head_00,random_control,induction,-0.00021578819433152983,-0.00032345210726608616,-0.00011734839061228061,0.953499699011445,0.1875
,,layer_11.head_02,random_control,rescue,-0.00023876289171753854,-0.0006214931510288504,0.00012110792166524489,0.31961011001840234,0.484375
,,layer_11.head_02,random_control,induction,-0.0002909582027652072,-0.0004182082944287278,-0.00017267872875418601,0.9535473268479109,0.21875
,,layer_11.head_03,random_control,rescue,0.010483128679378026,0.009252368993495885,0.011701019476178532,0.3264035175088793,1.0
,,layer_11.head_03,random_control,induction,0.0008633027057746965,0.0006545228033723066,0.0011083251269299941,0.9528159853070974,0.96875
,,layer_11.head_05,random_control,rescue,-0.018322975816153563,-0.019318510276396604,-0.017323331811270604,0.3081519240513444,0.0
,,layer_11.head_05,random_control,induction,-0.005568144145443736,-0.006796320933398356,-0.004403824024548315,0.9568909602239728,0.0
,,layer_11.head_06,random_control,rescue,-0.002192204166417146,-0.0028435926331892296,-0.0016136310650578104,0.3183724065311253,0.125
,,layer_11.head_06,random_control,induction,-0.000487964184195573,-0.0008039847364817553,-0.00020715433341507718,0.9536721501499414,0.203125
,,layer_11.head_08,selected,rescue,0.41492401998291195,0.4031016657600608,0.42632863690297057,0.5826579071581364,1.0
,,layer_11.head_08,selected,induction,0.1266877016892473,0.10789833470060169,0.14602131965469262,0.8730934467166662,1.0
,,layer_11.head_09,selected,rescue,0.19308590627990685,0.18364489454395905,0.2027019519546801,0.4421009267680347,1.0
,,layer_11.head_09,selected,induction,0.04434533969842558,0.036643901948217504,0.052532086515465364,0.9252656977623701,1.0
,,layer_11.head_14,selected,rescue,0.13640954331542846,0.13008168631009845,0.1428148750153766,0.4061906933784485,1.0
,,layer_11.head_14,selected,induction,0.01870928593991202,0.01502302533212807,0.022753604421609487,0.9415087420493364,1.0
,,layer_11.head_15,selected,rescue,-0.020794597369512353,-0.024879876533857523,-0.01693382173750647,0.30658590071834624,0.0625
,,layer_11.head_15,selected,induction,0.01665742545804202,0.013703613991295393,0.019667301497489454,0.942808804102242,0.953125
,,layer_11.mlp,selected,rescue,0.33717483948473803,0.3188809123110996,0.35491240009780206,0.53339590318501,1.0
,,layer_11.mlp,selected,induction,0.08500374041162785,0.07609479115290184,0.09425835380575281,0.8995044706389308,1.0
,,layer_10.head_02,selected,rescue,0.1872597396841221,0.17954190361962832,0.19507312361242968,0.4384094583801925,1.0
,,layer_10.head_02,selected,induction,0.03454826375626542,0.028156568029040173,0.041510901153108674,0.931473140604794,1.0
,,layer_10.head_03,random_control,rescue,0.024354446639020068,0.02169495796510926,0.02695487977208304,0.3351924065500498,0.953125
,,layer_10.head_03,random_control,induction,0.012688290264974776,0.009944394196315959,0.01569223983429346,0.9453236544504762,0.984375
,,layer_10.head_04,random_control,rescue,0.004860052293756713,0.004434858809335623,0.005334099882125806,0.32284072740003467,1.0
,,layer_10.head_04,random_control,induction,0.00015093385111466024,1.3185663717137477e-05,0.00030904484300945886,0.9532673433423042,0.546875
,,layer_10.head_08,random_control,rescue,0.0011501915270704349,0.0008675364588064016,0.0014523798965512505,0.32049015373922884,0.84375
,,layer_10.head_08,random_control,induction,0.0007343186735090802,0.0005162774711672364,0.0009831101553213104,0.9528977097943425,0.84375
,,layer_10.head_12,selected,rescue,0.02275853657538586,0.021620288125943573,0.023975808680258646,0.33418123540468514,1.0
,,layer_10.head_12,selected,induction,0.0031468908339014248,0.0024910719657119398,0.0038410991189355673,0.9513691002503037,0.96875
,,layer_10.head_13,random_control,rescue,-0.008017300317175654,-0.008873181338344064,-0.007209293544012333,0.3146816163789481,0.0
,,layer_10.head_13,random_control,induction,-0.0012077677260409346,-0.0016434254064361918,-0.0008303630811226547,0.9541282188147306,0.078125
,,layer_10.head_14,random_control,rescue,-0.007719795606294266,-0.009128227971627004,-0.006422576801255989,0.3148701158352196,0.0
,,layer_10.head_14,random_control,induction,-0.0018243278923999243,-0.0025018392111428116,-0.0012227240575550724,0.9545188723132014,0.109375
,,layer_10.mlp,selected,rescue,0.11476947517125821,0.1060925964582802,0.1244658479508926,0.39247951190918684,1.0
,,layer_10.mlp,selected,induction,0.018018398010227536,0.014436482542530153,0.022005893765065596,0.9419464897364378,0.96875
,,layer_09.head_04,selected,rescue,0.0125980612667796,0.011503450020767126,0.013781694435807457,0.3277435421478003,1.0
,,layer_09.head_04,selected,induction,0.0007671838713692403,0.0004677048444546169,0.0011109246988151489,0.9528768863528967,0.75
,,layer_09.head_07,random_control,rescue,0.0017992167146216912,0.001610175283887638,0.002001695231315642,0.3209013771265745,1.0
,,layer_09.head_07,random_control,induction,0.000292841127692926,7.46845077056764e-05,0.0005568534360143436,0.9531774306669831,0.46875
,,layer_09.head_09,random_control,rescue,-0.0007490972823728717,-0.0009478295236902638,-0.0005526448972753991,0.31928676133975387,0.140625
,,layer_09.head_09,random_control,induction,-8.650283528200845e-06,-6.506287280383562e-05,4.652245716060061e-05,0.9533684561029077,0.34375
,,layer_09.head_11,selected,rescue,0.05895444305947836,0.055041437038978513,0.06301189795459279,0.3571150191128254,1.0
,,layer_09.head_11,selected,induction,0.007547289329753818,0.004909943648700029,0.010855790753488094,0.94858100079,0.90625
,,layer_09.head_13,selected,rescue,0.045436084595635175,0.04213384623131695,0.049173391990497375,0.3485497657675296,1.0
,,layer_09.head_13,selected,induction,0.007976356621733337,0.0063701735336968695,0.009732877640575267,0.9483091430738568,1.0
,,layer_09.head_15,random_control,rescue,0.0027596374103206704,0.0023014107709948503,0.0032331717337507173,0.3215099012013525,0.953125
,,layer_09.head_15,random_control,induction,0.0015173787916732393,0.0005575286569550755,0.00284841707873132,0.9524015616625547,0.8125
,,layer_09.mlp,selected,rescue,0.06242893416801122,0.055366824631838896,0.07008405348964997,0.35931646218523383,1.0
,,layer_09.mlp,selected,induction,0.006667713507761499,0.005133489455630747,0.008422766953638621,0.9491383014246821,0.96875
,,layer_12.head_02,selected,rescue,-0.0022048550067502288,-0.003336728631834344,-0.0010607843859818172,0.18162293848581612,0.3125
,,layer_12.head_02,selected,induction,0.005779975829026546,0.00499187267388223,0.006677381004845419,0.9618090083822608,1.0
,,layer_12.head_03,selected,rescue,0.0384534472678804,0.03555385849114948,0.04143187775865561,0.21345779299736023,1.0
,,layer_12.head_03,selected,induction,0.013741467557590094,0.01219251278092004,0.015390323698625004,0.9555752770975232,1.0
,,layer_12.head_05,random_control,rescue,0.005622678090837752,0.005236982069368921,0.006013517822639422,0.18775178212672472,1.0
,,layer_12.head_05,random_control,induction,0.0012207048603902048,0.0010372180786278895,0.0014225498587803781,0.9653788506984711,1.0
,,layer_12.head_11,random_control,rescue,0.0006374615018769582,-0.0003478807231688031,0.001631148560268323,0.18384843063540757,0.5
,,layer_12.head_11,random_control,induction,0.0005348151645239376,0.0002944538487452054,0.0008295896076515302,0.9659158922731876,0.71875
,,layer_12.head_12,selected,rescue,0.0063306832463554535,0.005405196316148052,0.007270994395580984,0.1883061397820711,0.96875
,,layer_12.head_12,selected,induction,0.006449288148398324,0.005604900305824388,0.00732961240055017,0.9612849466502666,1.0
,,layer_12.head_15,random_control,rescue,-0.00091027543561425,-0.0013430318257148727,-0.00048573289748594136,0.18263657530769706,0.40625
,,layer_12.head_15,random_control,induction,-0.0004913347887073308,-0.0007170333640049801,-0.0003159357170688634,0.9667193526402116,0.140625
,,layer_12.mlp,selected,rescue,0.05179537977181632,0.044962064150062805,0.05876180048785951,0.22390433051623404,0.96875
,,layer_12.mlp,selected,induction,0.008063992655550174,0.006447005290462229,0.009716157966224808,0.9600206566974521,0.953125
,,layer_11.head_00,random_control,rescue,1.1510910599513393e-06,-0.00013232864353193588,0.00013116915236455957,0.1833502089139074,0.515625
,,layer_11.head_00,random_control,induction,1.6142037483440585e-05,-5.638078787758499e-05,8.278808672310397e-05,0.966322005726397,0.53125
,,layer_11.head_02,random_control,rescue,0.0011981799322837068,0.0010658722360286543,0.0013399624295110817,0.18428746494464576,1.0
,,layer_11.head_02,random_control,induction,-0.00044789128586706967,-0.0005429862154999053,-0.0003642389196150512,0.9666853370144963,0.015625
,,layer_11.head_03,random_control,rescue,0.0005027160491642095,0.0002933856731321161,0.0007012158301559234,0.18374292692169547,0.765625
,,layer_11.head_03,random_control,induction,0.00023807215595188883,0.0001440384980726206,0.0003340269477382933,0.9661482376977801,0.796875
,,layer_11.head_05,random_control,rescue,0.0006337507125881096,-0.00018658908950647398,0.0014428252593422107,0.1838455251418054,0.515625
,,layer_11.head_05,random_control,induction,-0.0044029688008088794,-0.005265485006551283,-0.0036511954919171406,0.9697821047157049,0.0
,,layer_11.head_06,random_control,rescue,0.00927277594743495,0.008638486145562934,0.009944474621916274,0.19060975522734225,1.0
,,layer_11.head_06,random_control,induction,0.003940034530043639,0.003274329746663207,0.004728940776150454,0.9632496554404497,1.0
,,layer_11.head_08,selected,rescue,0.2493909690496991,0.24136969405015726,0.2574473162537678,0.378618779592216,1.0
,,layer_11.head_08,selected,induction,0.12424023826965237,0.11108128398662583,0.13814128977982146,0.8690563598647714,1.0
,,layer_11.head_09,selected,rescue,0.15088909357593486,0.14287928609660408,0.15887234342059728,0.3014932554215193,1.0
,,layer_11.head_09,selected,induction,0.07243585941006873,0.06344416889950902,0.08258333722280056,0.9096184289082885,1.0
,,layer_11.head_14,selected,rescue,-0.039024538899148774,-0.04077948248197492,-0.0373609011566765,0.1527936658822,0.0
,,layer_11.head_14,selected,induction,0.0011415944843660626,0.0006699483039772598,0.0016055197604010842,0.9654407929629087,0.828125
,,layer_11.head_15,selected,rescue,0.019747559182625742,0.01824318108943104,0.02127860605175151,0.19881135690957308,1.0
,,layer_11.head_15,selected,induction,0.007639540688130431,0.006520703654333442,0.008953958867190632,0.9603529963642359,1.0
,,layer_11.mlp,selected,rescue,0.4858336843878572,0.4646657061249017,0.508201091583771,0.5637499587610364,1.0
,,layer_11.mlp,selected,induction,0.09957689877296536,0.0893405724455074,0.11102127910973086,0.8883673930540681,1.0
,,layer_10.head_02,selected,rescue,-0.01109814766295793,-0.0145567168424317,-0.0076070394316845496,0.17465962073765695,0.203125
,,layer_10.head_02,selected,induction,0.03871354567466999,0.03325951899323121,0.04490978587754591,0.936022506095469,1.0
,,layer_10.head_03,random_control,rescue,-0.09817719508967475,-0.10223036145905563,-0.09433624168731113,0.10647800343576819,0.0
,,layer_10.head_03,random_control,induction,0.038318362524312734,0.03259591313022286,0.044797365828540374,0.9363319287076592,1.0
,,layer_10.head_04,random_control,rescue,0.0015512690117898654,0.001359709651969035,0.0017473485266990961,0.18456392851658165,0.984375
,,layer_10.head_04,random_control,induction,0.0007678654589877204,0.0006383302852101706,0.0009060597261416636,0.9657334173098207,0.984375
,,layer_10.head_08,random_control,rescue,-0.0007909580525123139,-0.0009968478610279745,-0.0005874642366470299,0.18272999906912446,0.1875
,,layer_10.head_08,random_control,induction,0.0005253614091692559,0.00040266515966390267,0.0006499213550729054,0.9659232944250107,0.9375
,,layer_10.head_12,selected,rescue,0.0075234027071501685,0.005643459830435511,0.00940024209861137,0.18924002163112164,0.8125
,,layer_10.head_12,selected,induction,0.00853525308226443,0.007401120090308444,0.00981045360363336,0.9596516666933894,1.0
,,layer_10.head_13,random_control,rescue,-0.013139648099110526,-0.013806143694963626,-0.012484508427571917,0.17306115583050996,0.0
,,layer_10.head_13,random_control,induction,-0.004254836970869102,-0.005154964782083571,-0.0035083508399831958,0.9696661196649075,0.0
,,layer_10.head_14,random_control,rescue,-0.0005869256009816985,-0.0011704887821633984,-6.734161886077822e-06,0.18288975348696113,0.4375
,,layer_10.head_14,random_control,induction,-0.0018323240557404073,-0.0022758643930970847,-0.0014863700438470786,0.9677693275734782,0.03125
,,layer_10.mlp,selected,rescue,0.05469540873304139,0.04491349940836163,0.06479610821424596,0.22617501066997647,0.90625
,,layer_10.mlp,selected,induction,0.05852450139814238,0.05253479487641452,0.06479536049721202,0.9205108182504773,1.0
,,layer_09.head_04,selected,rescue,-0.00023657998986074033,-0.0007139844553330442,0.00020292653864725842,0.18316406896337867,0.453125
,,layer_09.head_04,selected,induction,0.0006426971671553264,0.00035729177075427294,0.0008622892615397985,0.9658314222469926,0.890625
,,layer_09.head_07,random_control,rescue,-0.0020526933173311275,-0.002244636392301881,-0.0018787952440926501,0.18174207885749638,0.0
,,layer_09.head_07,random_control,induction,0.0002065695501933652,0.0001300042031953203,0.00028296171796240554,0.9661729037761688,0.84375
,,layer_09.head_09,random_control,rescue,-0.000938608452220611,-0.001027796849526232,-0.0008515685938635996,0.18261439097113907,0.0
,,layer_09.head_09,random_control,induction,-0.0001500849082352467,-0.00019237348592920169,-0.00011034163153543494,0.9664521589875221,0.140625
,,layer_09.head_11,selected,rescue,0.10159188768780679,0.09442348530637083,0.10902258453942919,0.2628942660521716,1.0
,,layer_09.head_11,selected,induction,0.03302002745956716,0.027955970253805525,0.038830106027960755,0.9404804473742843,1.0
,,layer_09.head_13,selected,rescue,0.0014642669267396192,0.00040182865549139637,0.002561416566604662,0.18449580715969205,0.625
,,layer_09.head_13,selected,induction,0.0031948994767967303,0.00255018301551413,0.003929039278823518,0.9638330852612853,0.984375
,,layer_09.head_15,random_control,rescue,0.0003859744218776437,0.0001406543111306665,0.0006318857185100808,0.1836515199393034,0.71875
,,layer_09.head_15,random_control,induction,0.00040386138375782786,0.00022987082420636133,0.0006052076816611198,0.9660184271633625,0.765625
,,layer_09.mlp,selected,rescue,0.05375449720661274,0.049702737464204214,0.05792677983090414,0.22543829074129462,1.0
,,layer_09.mlp,selected,induction,0.002015300848326813,0.0008375470243451243,0.0031870885351008354,0.9647566936910152,0.71875
,,layer_12.head_02,selected,rescue,0.0006941186343888864,0.0005024390643449742,0.0009186513824712783,0.047507897703269464,0.953125
,,layer_12.head_02,selected,induction,0.0028873435641741945,0.0018549773832105764,0.004215694682061312,0.9308262271806598,0.921875
,,layer_12.head_03,selected,rescue,0.0005667565199095803,3.076591066068877e-05,0.00108236918136868,0.04739499204572439,0.734375
,,layer_12.head_03,selected,induction,0.003336601645764824,0.0025268650874752606,0.004212047948429622,0.9304279629141092,0.90625
,,layer_12.head_05,random_control,rescue,0.00047017308212587825,0.0003451193733189932,0.0006072926696583941,0.04730937147797931,0.953125
,,layer_12.head_05,random_control,induction,7.385291738396721e-05,-5.41407240566604e-05,0.00021118213022474695,0.9333203677088022,0.484375
,,layer_12.head_11,random_control,rescue,0.0006034800634329775,0.00042953315294416423,0.0007992369359428747,0.04742754721996789,0.921875
,,layer_12.head_11,random_control,induction,0.0019457246456595068,0.0014112792767460203,0.002573900935278886,0.9316609660163522,0.9375
,,layer_12.head_12,selected,rescue,0.018717216471991024,0.015003196838592732,0.022713598032987233,0.06348525267003424,1.0
,,layer_12.head_12,selected,induction,0.014147625850679654,0.010466609604578854,0.01859327653936065,0.9208440626971424,0.953125
,,layer_12.head_15,random_control,rescue,0.00011812986089810455,1.7121356737432767e-05,0.00022476564728246388,0.04699728753104182,0.6875
,,layer_12.head_15,random_control,induction,0.0011127051720197154,0.0007575017646241224,0.0015279408536328337,0.9323994321748614,0.828125
,,layer_12.mlp,selected,rescue,0.05497750187608511,0.04665699414989599,0.06352325539281112,0.09562975170774735,1.0
,,layer_12.mlp,selected,induction,0.08826755696669084,0.0692611083286135,0.10938998778457674,0.8551372424699366,0.984375
,,layer_11.head_00,random_control,rescue,0.000523389178286449,0.00039499867613529524,0.0006595008549761018,0.047356547189167486,0.96875
,,layer_11.head_00,random_control,induction,0.00018962775026040688,1.8054271195818898e-05,0.0003701660540853481,0.9332177340984344,0.515625
,,layer_11.head_02,random_control,rescue,0.004448923432015627,0.0033765584337691404,0.005637567600262235,0.05083650689260821,1.0
,,layer_11.head_02,random_control,induction,0.008324223300760904,0.006242589734046539,0.010684252109064377,0.9260064698755741,0.96875
,,layer_11.head_03,random_control,rescue,0.00037419752600095156,0.0002867771304187129,0.00046552255416459047,0.047224289793234675,0.984375
,,layer_11.head_03,random_control,induction,0.0022425451285643465,0.001564930945708603,0.00302688914849487,0.9313978366553783,0.875
,,layer_11.head_05,random_control,rescue,-0.002940555854650209,-0.00365787424353763,-0.0022696825350726427,0.04428578322421117,0.0
,,layer_11.head_05,random_control,induction,-0.0016759206016781943,-0.0024603683353646316,-0.0009958689887761304,0.9348715301603079,0.203125
,,layer_11.head_06,random_control,rescue,0.0011491708296461197,0.0008598451537467567,0.0014627090448742397,0.047911298412600445,1.0
,,layer_11.head_06,random_control,induction,0.0007865717058031537,0.0005400468191172862,0.0010731254581919781,0.9326885472983122,0.828125
,,layer_11.head_08,selected,rescue,0.016696217897715478,0.013334487869145947,0.02027953806389161,0.06169365103198743,1.0
,,layer_11.head_08,selected,induction,0.03299638312092042,0.02625092615608582,0.04042039712611208,0.9041347661986947,0.984375
,,layer_11.head_09,selected,rescue,0.008371883947466406,0.0063310516732355835,0.010581408824079765,0.05431418499438223,1.0
,,layer_11.head_09,selected,induction,0.0167198522178297,0.012811104462219244,0.02110734309263469,0.9185638013295829,0.96875
,,layer_11.head_14,selected,rescue,0.0009833596837813753,0.0006910254273542702,0.00129906963066908,0.04776430794743192,0.875
,,layer_11.head_14,selected,induction,0.0014739896348898117,0.0008016052549552635,0.0021800098629347077,0.9320791559293866,0.796875
,,layer_11.head_15,selected,rescue,0.0006110937687535063,0.0004285528059161783,0.0008066018970293426,0.04743429671850663,0.890625
,,layer_11.head_15,selected,induction,0.001810915599047787,0.001113493498634348,0.0026317356575356857,0.9317804733291268,0.8125
,,layer_11.mlp,selected,rescue,0.1575308302864597,0.13874207512574005,0.17639770152268217,0.1865425873256754,1.0
,,layer_11.mlp,selected,induction,0.2723888469756388,0.23739697104617835,0.3085634907693258,0.6919149577151984,1.0
,,layer_10.head_02,selected,rescue,0.0020170918440527794,0.0014479705160423202,0.002657901202872083,0.04868070455216866,1.0
,,layer_10.head_02,selected,induction,0.0056717975273663755,0.004230359472195445,0.0072946965289081775,0.9283578274771571,0.953125
,,layer_10.head_03,random_control,rescue,0.0006759038149770668,0.0003864552634113946,0.0010462218683268587,0.04749175038841713,0.96875
,,layer_10.head_03,random_control,induction,0.0005483236104898291,-0.00025354860511112574,0.001358016435315645,0.9328997526317835,0.640625
,,layer_10.head_04,random_control,rescue,-0.00044261171913752685,-0.0006106776839180727,-0.00030755530278073776,0.04650019389322324,0.015625
,,layer_10.head_04,random_control,induction,-0.00037783933316706846,-0.0006084429595101087,-0.00016210404223717466,0.9337207898497581,0.21875
,,layer_10.head_08,random_control,rescue,0.0002805000526769016,0.00018203168996455888,0.00039116610333894306,0.047141227613565206,0.8125
,,layer_10.head_08,random_control,induction,-2.8269768042976667e-05,-0.00021814782438729933,0.00015305714770966441,0.9334108987823129,0.40625
,,layer_10.head_12,selected,rescue,0.6470750852965297,0.6211259637009052,0.6725721371901214,0.6205202755518258,1.0
,,layer_10.head_12,selected,induction,0.5586012066460757,0.5208932094359587,0.5959949053645217,0.4381896266131662,1.0
,,layer_10.head_13,random_control,rescue,-0.00023647594329901075,-0.0005469739354641207,5.929078827488826e-05,0.04668293187154404,0.515625
,,layer_10.head_13,random_control,induction,0.0017377297931398053,0.000770813877844993,0.002731814093707561,0.9318453520536423,0.734375
,,layer_10.head_14,random_control,rescue,-0.001733653787381196,-0.0022575764215909126,-0.0012610084532384718,0.045355693786348183,0.0
,,layer_10.head_14,random_control,induction,-0.0017636767525632485,-0.0023748644962138157,-0.0012099664739936827,0.9349493253976107,0.046875
,,layer_10.mlp,selected,rescue,0.1250828499626866,0.10862573864072914,0.14214205068105445,0.1577776710910257,1.0
,,layer_10.mlp,selected,induction,0.1915356360279777,0.16250092987345988,0.2219181015991419,0.7635907852090895,1.0
,,layer_09.head_04,selected,rescue,0.09668319564774226,0.08442604865422837,0.10904811934909231,0.13260156862452277,1.0
,,layer_09.head_04,selected,induction,0.09642985918011442,0.0716710830897212,0.12407784536225294,0.8479014164768159,0.984375
,,layer_09.head_07,random_control,rescue,-0.0004203325542342168,-0.000648729140916359,-0.0002197644679839825,0.046519944223007315,0.265625
,,layer_09.head_07,random_control,induction,-0.0008136690385592017,-0.001157307257353386,-0.0005167220858663201,0.93410714995116,0.09375
,,layer_09.head_09,random_control,rescue,-2.019966508352547e-05,-4.51463586884988e-05,3.6299509430278657e-06,0.04687465933699286,0.328125
,,layer_09.head_09,random_control,induction,0.0003965100499406305,0.00022661057929899162,0.0005841184521885463,0.9330343343317509,0.625
,,layer_09.head_11,selected,rescue,0.006825278197852291,0.005210809765532632,0.008559713487300863,0.0529431294035021,0.953125
,,layer_09.head_11,selected,induction,0.008828103629549812,0.006590267435586,0.011323228260065118,0.9255597833544016,0.96875
,,layer_09.head_13,selected,rescue,0.0024847440683908395,0.001788702695281827,0.0032518760989228854,0.049095275102502,0.953125
,,layer_09.head_13,selected,induction,0.0014339787048694925,0.0007901956624282024,0.0022086423986782382,0.9321146253496408,0.796875
,,layer_09.head_15,random_control,rescue,0.0031512451454293582,0.002388929044861762,0.003970599551592047,0.04968612382282345,1.0
,,layer_09.head_15,random_control,induction,0.0029251976755170364,0.0018587552959691415,0.004176084427434603,0.9307926697656512,0.8125
,,layer_09.mlp,selected,rescue,0.01217167633881766,0.009084136888572862,0.015584119180411261,0.05768267538286409,0.984375
,,layer_09.mlp,selected,induction,0.008049733192624265,0.005716872574961332,0.01066037191692581,0.9262498035095632,0.9375
,,layer_12.head_02,selected,rescue,0.007075587945723643,0.00507493682751162,0.009697968781654617,0.10355373985748884,0.984375
,,layer_12.head_02,selected,induction,0.022062717821838093,0.019359373012025977,0.024928037504576173,0.7321439846418798,1.0
,,layer_12.head_03,selected,rescue,0.005969405188177615,0.004424029809314547,0.007832197688053127,0.10283753517614969,1.0
,,layer_12.head_03,selected,induction,0.01593958411472083,0.013667371330288967,0.018373059140347644,0.7361084443982691,1.0
,,layer_12.head_05,random_control,rescue,0.0007967667744990385,0.0006215738209361378,0.000978644418608584,0.0994884793158235,0.9375
,,layer_12.head_05,random_control,induction,0.004820483083511041,0.0038439239809316124,0.005955817253299576,0.7433075732551515,0.96875
,,layer_12.head_11,random_control,rescue,-0.0015694649930744554,-0.00211031664394071,-0.0010240471116555504,0.097956448322293,0.1875
,,layer_12.head_11,random_control,induction,-0.0030210434782217367,-0.004133516787451874,-0.0020638926537279467,0.7483846168033779,0.15625
,,layer_12.head_12,selected,rescue,0.002965106382897142,0.0021522846636701422,0.003924129292321482,0.10089238384034616,1.0
,,layer_12.head_12,selected,induction,0.011466107346653735,0.009408899704191308,0.013851511959777279,0.7390048238448799,0.984375
,,layer_12.head_15,random_control,rescue,0.000857398114732154,0.0005953704467822427,0.0011135318772615714,0.09952773544182492,0.890625
,,layer_12.head_15,random_control,induction,0.00759289113324087,0.00636934839829556,0.009028731928976078,0.7415125609841198,0.984375
,,layer_12.mlp,selected,rescue,0.10679418661993631,0.08706473289852922,0.1285714489487884,0.16811714649156784,1.0
,,layer_12.mlp,selected,induction,0.34119300687771587,0.3073893798780053,0.3770222246057017,0.5255211590556428,1.0
,,layer_11.head_00,random_control,rescue,0.0003286994339344027,0.00021934493295186141,0.0004529370983820037,0.09918542630020966,0.859375
,,layer_11.head_00,random_control,induction,0.0023132118144557853,0.0018910704439593835,0.0027834075307338036,0.7449309211224318,0.96875
,,layer_11.head_02,random_control,rescue,0.00011856856642642509,-1.7029553466293987e-05,0.00027356451125558335,0.09904937580586193,0.65625
,,layer_11.head_02,random_control,induction,0.0006262699538155543,0.0003950464658363524,0.0008269208772292405,0.7460231417790055,0.859375
,,layer_11.head_03,random_control,rescue,0.00011599349050403154,-2.6417134566067858e-06,0.00026608045128188456,0.09904770855746392,0.484375
,,layer_11.head_03,random_control,induction,-0.0005564573706006611,-0.0008605600280360586,-0.0002539541988707253,0.7467889057006687,0.265625
,,layer_11.head_05,random_control,rescue,-0.001319798800387631,-0.0019368411062978032,-0.000860143877213328,0.09811809620077838,0.0625
,,layer_11.head_05,random_control,induction,-0.010859033650620622,-0.013106993875766906,-0.008966680013214759,0.7534593706950545,0.0
,,layer_11.head_06,random_control,rescue,0.0002637502878841363,2.745324596767761e-05,0.000513244065956499,0.09914337458485534,0.75
,,layer_11.head_06,random_control,induction,0.0002450343096400058,-1.2316358790631805e-05,0.0005023939178845433,0.7462699750903994,0.59375
,,layer_11.head_08,selected,rescue,0.31472539738556565,0.2757272156686488,0.35233512451238563,0.30274345984798856,1.0
,,layer_11.head_08,selected,induction,0.6479577105310647,0.6052198599478839,0.6909054457738203,0.326904506131541,1.0
,,layer_11.head_09,selected,rescue,0.025339228619436733,0.02025302526907633,0.031044491630854223,0.11537864388856178,1.0
,,layer_11.head_09,selected,induction,0.10845350190121948,0.0937244175904608,0.12447372838517878,0.6762097517494112,1.0
,,layer_11.head_14,selected,rescue,0.0010023036253068167,-0.00024492420280801386,0.002172906206128771,0.09962155538642037,0.703125
,,layer_11.head_14,selected,induction,0.013866678837831358,0.011660098861523886,0.016246106746248812,0.7374505593907088,0.9375
,,layer_11.head_15,selected,rescue,0.04812204171976918,0.037869396988597016,0.06003383232185639,0.13012951329528732,1.0
,,layer_11.head_15,selected,induction,0.1559242221468818,0.13631036479458675,0.17708955155168193,0.6454745483351871,1.0
,,layer_11.mlp,selected,rescue,0.20893384742697532,0.18025300320326312,0.2373443364601109,0.23424808436902822,1.0
,,layer_11.mlp,selected,induction,0.4495899127046684,0.4092930304595308,0.49151835418970186,0.4553389302454889,1.0
,,layer_10.head_02,selected,rescue,0.007718294973119116,0.006041323583619683,0.009509570283667937,0.10396986438900058,1.0
,,layer_10.head_02,selected,induction,0.01985724397480712,0.016550589190541753,0.023599515152783454,0.7335719319526106,1.0
,,layer_10.head_03,random_control,rescue,0.002578116172192956,0.0019428221631810087,0.0032437682219334314,0.10064182470023297,0.875
,,layer_10.head_03,random_control,induction,0.008010648969519274,0.006728993850089612,0.009436716694143348,0.7412420811597258,0.984375
,,layer_10.head_04,random_control,rescue,-6.20769239937036e-05,-0.0003065461622120222,0.00019240511566362339,0.0989324157962983,0.4375
,,layer_10.head_04,random_control,induction,0.0004434144595665782,5.95775066212363e-05,0.000800229624728539,0.7461415326688439,0.71875
,,layer_10.head_08,random_control,rescue,0.00043699786444748544,0.00028908426274641366,0.0006039836095264636,0.0992555447705854,0.84375
,,layer_10.head_08,random_control,induction,0.0015991344714188307,0.001228347419117901,0.002027797165354235,0.7453932547941804,0.890625
,,layer_10.head_12,selected,rescue,-0.005066773036583407,-0.00839881859435777,-0.002461190305033617,0.09569209518917887,0.3125
,,layer_10.head_12,selected,induction,0.004753304991679115,0.0019013212383963208,0.007991192780476608,0.7433510681148618,0.71875
,,layer_10.head_13,random_control,rescue,0.0022553235006282975,0.0014259370306953115,0.003195188812035682,0.10043283064305797,0.875
,,layer_10.head_13,random_control,induction,-0.003230348891962931,-0.004908571131789344,-0.001622942118223111,0.7485201328527182,0.296875
,,layer_10.head_14,random_control,rescue,-0.000510049982341594,-0.001063942232223385,0.00010154023671953508,0.09864237294459599,0.296875
,,layer_10.head_14,random_control,induction,-0.006356025118787212,-0.007373889827409016,-0.005431061363573875,0.7505438707303256,0.015625
,,layer_10.mlp,selected,rescue,-0.012069382334803907,-0.017374463794700826,-0.007885777827063989,0.0911582136702691,0.046875
,,layer_10.mlp,selected,induction,-0.02142480554499175,-0.02769658995468138,-0.015830944540145192,0.7603002432733774,0.171875
,,layer_09.head_04,selected,rescue,0.001666966182482281,0.001283646715328099,0.0020589357251818976,0.10005189515777602,0.953125
,,layer_09.head_04,selected,induction,0.009984109928283058,0.008453901509585488,0.011739513409717711,0.7399643519893289,1.0
,,layer_09.head_07,random_control,rescue,0.00040334223127072756,0.00025966712567666964,0.0005489233163583033,0.09923375422840763,0.8125
,,layer_09.head_07,random_control,induction,0.0011763374421634252,0.0007304646682859534,0.001615883162857441,0.7456669972743839,0.828125
,,layer_09.head_09,random_control,rescue,-4.339104188506233e-05,-0.00017501862369735744,9.397997365556901e-05,0.09894451408308669,0.390625
,,layer_09.head_09,random_control,induction,8.10823519086967e-05,-0.00029752850429460524,0.00038119799811363986,0.7463761267717928,0.5625
,,layer_09.head_11,selected,rescue,0.008200669723611114,0.006333787019836057,0.010240106511290665,0.10428218082324747,0.984375
,,layer_09.head_11,selected,induction,0.01445794990086787,0.012073648799479126,0.01714730577203817,0.737067737383768,0.984375
,,layer_09.head_13,selected,rescue,0.001400176248828514,0.00087628242297303,0.0019439098551653233,0.09987916041018252,0.734375
,,layer_09.head_13,selected,induction,0.0030238466259599603,0.002104295815987863,0.0039203177961857774,0.7444708163384348,0.84375
,,layer_09.head_15,random_control,rescue,0.0010573368623931075,0.0007438651755313978,0.0013920929309505338,0.09965718698686032,0.875
,,layer_09.head_15,random_control,induction,0.005948061937408873,0.004597117460752671,0.00761141785046216,0.7425775155425072,0.96875
,,layer_09.mlp,selected,rescue,0.0042794232161029256,0.0024100399824285514,0.006479383994253776,0.1017433461811379,0.828125
,,layer_09.mlp,selected,induction,0.013787385897487178,0.010607385320711761,0.017533432394889928,0.7375018980819732,0.921875
,,layer_11.mlp,selected,rescue,0.3166727506545243,0.28247054396830484,0.34773138181338664,0.5603781235404313,0.953125
,,layer_11.mlp,selected,induction,0.03568427183335084,0.02864609670350016,0.04306790978950778,0.8820320200175047,0.96875
,,layer_11.head_08,selected,rescue,0.05989963338713327,0.050746195478625786,0.06940227777579229,0.43285095726605505,0.953125
,,layer_11.head_08,selected,induction,0.01197626366697808,0.00823097185227339,0.016132840900473924,0.893806675914675,0.921875
,,layer_10.head_12,selected,rescue,0.12874077743060847,0.11818619633445766,0.1395732930701241,0.46704112528823316,0.984375
,,layer_10.head_12,selected,induction,0.04484833583024725,0.033784785513535864,0.05746700392852277,0.8774806591682136,0.984375
,,layer_11.head_09,selected,rescue,0.015492053311408877,0.009184004076091839,0.021039645837935907,0.4107957946835086,0.765625
,,layer_11.head_09,selected,induction,0.0009756229746379021,-0.001679783116503414,0.0030757626238182172,0.8992701782844961,0.765625
,,layer_12.mlp,selected,rescue,0.08864758290837871,0.07225609107514204,0.10415050774531068,0.447128715692088,0.859375
,,layer_12.mlp,selected,induction,0.012447081647366763,0.005733730238322761,0.020752993196962874,0.8935728427022696,0.78125
,,layer_10.mlp,selected,rescue,0.020594417641130517,-0.0009644499153659276,0.04295340313146832,0.41332989977672696,0.5
,,layer_10.mlp,selected,induction,0.01761400456728732,0.00656181057470085,0.0304353499778625,0.8910066743846983,0.703125
,,layer_10.head_02,selected,rescue,0.003416630382047754,0.0024868917137992595,0.004360572662021225,0.40479849837720394,0.84375
,,layer_10.head_02,selected,induction,0.0009705852570326535,0.0004714467355668445,0.001538176644048643,0.8992726802825928,0.703125
,,layer_09.head_11,selected,rescue,0.03611763954482513,0.031130846718467373,0.04119858494771303,0.4210395561531186,0.984375
,,layer_09.head_11,selected,induction,0.016512229099217485,0.01246204733991824,0.02145022007363667,0.8915538745932281,0.984375
,,layer_12.head_12,selected,rescue,0.1956074725363458,0.18022356911428186,0.20998400544319,0.5002506771124899,1.0
,,layer_12.head_12,selected,induction,0.03932620693922362,0.0314148158126921,0.048277683853878414,0.8802232416346669,1.0
,,layer_09.mlp,selected,rescue,0.06891607317806314,0.055824969797239,0.08187391197656099,0.4373290000949055,0.859375
,,layer_09.mlp,selected,induction,0.010498710375585411,0.007297887974675304,0.013843619480265999,0.8945405073463917,0.890625
,,layer_12.head_03,selected,rescue,0.02692978773230193,0.023262050368664675,0.03072238865178508,0.41647638101130724,0.890625
,,layer_12.head_03,selected,induction,0.003451597889707971,0.002449938342724867,0.004486774976308546,0.8980404776521027,0.859375
,,layer_09.head_04,selected,rescue,0.09811280945516175,0.08751095059799675,0.10857212907022208,0.4518296498572454,1.0
,,layer_09.head_04,selected,induction,0.02026692263285129,0.015923347636994985,0.02519458681936514,0.8896890943869948,0.984375
,,layer_11.head_14,selected,rescue,-0.0012200483823552055,-0.0026480069767540154,9.538606691393214e-05,0.4024956774665043,0.4375
,,layer_11.head_14,selected,induction,-0.0005897308057601449,-0.0014780323934686292,0.00012062727075474428,0.9000476161018014,0.390625
,,layer_12.head_02,selected,rescue,0.013343880702579159,0.011277368852231757,0.01548333332620424,0.40972889808472246,0.90625
,,layer_12.head_02,selected,induction,0.0016083379910089947,0.0008396220053515615,0.0023726519190204755,0.8989559384062886,0.796875
,,layer_09.head_13,selected,rescue,0.0038290760482024224,0.0026445205072169933,0.004997865310709192,0.40500334079843014,0.8125
,,layer_09.head_13,selected,induction,0.0012843704632919018,0.0006990881125535968,0.001994504506225201,0.8991168378852308,0.640625
,,layer_11.head_15,selected,rescue,-0.012116736573557933,-0.015809981708393973,-0.009244304769424741,0.3970838034292683,0.09375
,,layer_11.head_15,selected,induction,-0.007418500941069065,-0.011381156947927414,-0.0042598648980622005,0.9034391460008919,0.0625
,,layer_10.head_13,random_control,rescue,-0.027315071399648738,-0.032809602709632436,-0.02224527623582998,0.38953550322912633,0.046875
,,layer_10.head_13,random_control,induction,-0.008836778307518235,-0.013222600473808927,-0.005459018897431713,0.9041435378603637,0.046875
,,layer_09.head_15,random_control,rescue,-0.001993149108630684,-0.002974292534356853,-0.0010857805918556894,0.40211171458940953,0.3125
,,layer_09.head_15,random_control,induction,-0.0019368294322651392,-0.002837582980654147,-0.0012144630343371326,0.9007166568189859,0.09375
,,layer_10.head_14,random_control,rescue,-0.005181712835597944,-0.00650518330918067,-0.003827713727391052,0.4005281045101583,0.109375
,,layer_10.head_14,random_control,induction,-0.002761196178123678,-0.0038519153566071856,-0.0017993522908893772,0.9011260811239481,0.0625
,,layer_11.head_00,random_control,rescue,0.022916500503185645,0.020252953752993835,0.02581101688247896,0.41448316944297403,0.984375
,,layer_11.head_00,random_control,induction,0.004587657121614533,0.003219684973581487,0.00635226256567804,0.8974762503057718,0.96875
,,layer_12.head_11,random_control,rescue,0.018177133355039853,0.015618091715842828,0.020833097935378787,0.4121293480275199,0.953125
,,layer_12.head_11,random_control,induction,0.004738963043122926,0.0030833540281644417,0.00673863691199617,0.8974011037498713,0.90625
,,layer_10.head_08,random_control,rescue,0.00014338790081672666,-0.0003922980461756969,0.0006589681326718411,0.40317283233162016,0.53125
,,layer_10.head_08,random_control,induction,-0.00023888044923648443,-0.0006894714790410534,0.00021217039800610238,0.8998733651824296,0.453125
,,layer_12.head_05,random_control,rescue,-0.00644547839631729,-0.00767069863687103,-0.00529161550211228,0.3999004514189437,0.046875
,,layer_12.head_05,random_control,induction,-0.0016299477649464168,-0.00219026644102727,-0.0011643256051203676,0.9005642430856824,0.03125
,,layer_09.head_07,random_control,rescue,0.0012800239902994335,0.000689570523200524,0.0019336138800670742,0.40373734617605805,0.671875
,,layer_09.head_07,random_control,induction,0.0003676371229491902,4.24841785015554e-05,0.0006800274622736978,0.8995721363462508,0.71875
,,layer_11.head_05,random_control,rescue,-0.058260079923905486,-0.06410943343051302,-0.05259139138661337,0.37416656862478703,0.0
,,layer_11.head_05,random_control,induction,-0.012213072960772542,-0.015490198429154996,-0.00941360987840049,0.9058203850872815,0.03125
,,layer_11.head_03,random_control,rescue,0.017497500432875825,0.015279163153187855,0.020124719822443217,0.4117918062256649,0.984375
,,layer_11.head_03,random_control,induction,0.0026390420741813354,0.0011323702239706347,0.004473343910023292,0.8984440360218287,0.78125
,,layer_12.head_15,random_control,rescue,0.014082398571045072,0.011950287092051905,0.01637422856239952,0.4100956852780655,0.953125
,,layer_12.head_15,random_control,induction,0.0036479769916438936,0.002165132831993757,0.005527135468933966,0.8979429453611374,0.890625
,,layer_10.head_04,random_control,rescue,0.007346885045749226,0.005754017414015639,0.00886428874620927,0.4067504715640098,0.859375
,,layer_10.head_04,random_control,induction,-0.0005536070045513197,-0.0019393793529663345,0.0008714118583038694,0.900029675103724,0.359375
,,layer_09.head_09,random_control,rescue,0.005587313797128061,0.004127961889894625,0.007082898385221333,0.40587657503783703,0.828125
,,layer_09.head_09,random_control,induction,0.0014863189012738278,0.0010311661838444189,0.0019833164123218244,0.8990165395662189,0.84375
,,layer_10.head_03,random_control,rescue,0.0018190318805008697,0.0010927850694620205,0.0025977508380972967,0.40400504611898214,0.6875
,,layer_10.head_03,random_control,induction,0.001109027324912904,0.000758974846878579,0.0015163911026318392,0.8992039225995541,0.734375
,,layer_11.head_02,random_control,rescue,0.008007936637650679,0.007118231143949691,0.008963475306355759,0.4070787848904729,0.96875
,,layer_11.head_02,random_control,induction,0.0020726499742893924,0.0014601834873376625,0.002768424480255436,0.8987253364175558,0.875
,,layer_11.head_06,random_control,rescue,0.013748214499519011,0.012343532225408738,0.015266868792711661,0.4099297117209062,1.0
,,layer_11.head_06,random_control,induction,0.002404085475340899,0.0015513383235386928,0.0034552511820170597,0.8985607279464602,0.875
,,layer_11.mlp,selected,rescue,0.2323197765826438,0.22169896307318596,0.2430711864135387,0.40849819919094443,1.0
,,layer_11.mlp,selected,induction,0.06506023501855868,0.06029281208466232,0.06998056381889968,0.878460168838501,1.0
,,layer_11.head_08,selected,rescue,0.17876785695200156,0.17139753511221725,0.18574128261733763,0.37267888570204377,1.0
,,layer_11.head_08,selected,induction,0.06982595506201275,0.06247244512463589,0.07799617233735698,0.8752725180238485,1.0
,,layer_10.head_12,selected,rescue,0.047059420877003745,0.044810719691380625,0.04952430865721956,0.28458296321332455,1.0
,,layer_10.head_12,selected,induction,0.022286311916088205,0.019895960759308898,0.024991207758975155,0.9070703955367208,1.0
,,layer_11.head_09,selected,rescue,0.1110903571004154,0.104608196498177,0.11796492846064462,0.32741138455457985,1.0
,,layer_11.head_09,selected,induction,0.06696544171328649,0.06149320394846519,0.07258544275610597,0.8771858317777514,1.0
,,layer_12.mlp,selected,rescue,0.01054379952965277,0.0006007404389327431,0.019400585694941592,0.2601587316021323,0.6875
,,layer_12.mlp,selected,induction,-0.004811508474397763,-0.010076763399669552,-0.0004428300294223324,0.9251953354105353,0.40625
,,layer_10.mlp,selected,rescue,0.027866076047843285,0.018554888941927902,0.03736097920939969,0.2717450959607959,0.734375
,,layer_10.mlp,selected,induction,0.05413273860197507,0.04901376386989886,0.05904828601204001,0.8857692517340183,0.984375
,,layer_10.head_02,selected,rescue,0.08018895781988956,0.0753064012014088,0.0851977300478988,0.3067423419561237,1.0
,,layer_10.head_02,selected,induction,0.0853182579856959,0.07754930746945789,0.09332724914289744,0.8649101695045829,1.0
,,layer_09.head_11,selected,rescue,0.13575740565805156,0.1253472195959594,0.14734680252270757,0.3439104522112757,1.0
,,layer_09.head_11,selected,induction,0.048435580090115865,0.04362337224214639,0.05366385561275888,0.8895799145102501,1.0
,,layer_12.head_12,selected,rescue,0.03960464347238207,0.03739076433258295,0.041910523533646125,0.2795966805424541,1.0
,,layer_12.head_12,selected,induction,0.008568397367155613,0.007193045858574861,0.010211234773116747,0.9162459075450897,1.0
,,layer_09.mlp,selected,rescue,0.028883049491288514,0.02253643189684565,0.03515582184396628,0.27242531976662576,0.90625
,,layer_09.mlp,selected,induction,0.0220106289422015,0.0189919664848248,0.02542334578491769,0.9072547918185592,0.984375
,,layer_12.head_03,selected,rescue,0.06278446367306988,0.05883870525844306,0.06684617246639528,0.2951009846292436,1.0
,,layer_12.head_03,selected,induction,0.011340728477520148,0.00919279497136575,0.013805561815523934,0.9143915763124824,0.984375
,,layer_09.head_04,selected,rescue,0.0017034807043834347,0.001205917589299276,0.002229760938976276,0.2542457007803023,0.84375
,,layer_09.head_04,selected,induction,0.002364101872367959,0.0019217712892421251,0.0028014405995180655,0.9203957794234157,0.953125
,,layer_11.head_14,selected,rescue,-0.026391081841677554,-0.028619575283485247,-0.024318812626832505,0.23545406921766698,0.0
,,layer_11.head_14,selected,induction,0.009155415216230919,0.006720595572140005,0.011376494018487822,0.9158532684668899,0.875
,,layer_12.head_02,selected,rescue,0.027856190146681656,0.024741413658799154,0.031061529330926558,0.2717384835705161,0.984375
,,layer_12.head_02,selected,induction,0.017820087336896346,0.014952910306736334,0.021312708984356096,0.9100577225908637,1.0
,,layer_09.head_13,selected,rescue,-0.016248873028153282,-0.018507281487373073,-0.014241941561966367,0.24223789619281888,0.03125
,,layer_09.head_13,selected,induction,0.006525711204400229,0.003926864423655049,0.008942715300505564,0.9176122006028891,0.859375
,,layer_11.head_15,selected,rescue,0.012442777410458534,0.009556615796882849,0.015240032232333377,0.2614289023913443,0.90625
,,layer_11.head_15,selected,induction,-0.0025812380332906914,-0.003879565364540651,-0.0013080548581863726,0.9237035727128386,0.296875
,,layer_10.head_13,random_control,rescue,-0.0091021044499315,-0.010057595564218341,-0.008203169428118296,0.24701816076412797,0.0
,,layer_10.head_13,random_control,induction,-0.005956659240210629,-0.0069956420940539285,-0.005058643028869068,0.9259612932801247,0.0
,,layer_09.head_15,random_control,rescue,-0.0015167771066633988,-0.0017952869525475151,-0.0012485763411659858,0.252091764472425,0.09375
,,layer_09.head_15,random_control,induction,0.001690579603367509,0.0012412948993304265,0.0021572514496248168,0.9208462787792087,0.859375
,,layer_10.head_14,random_control,rescue,-0.0021860971714799337,-0.0035780378134884073,-0.0009604942703041519,0.2516440758481622,0.34375
,,layer_10.head_14,random_control,induction,-0.001522643205479447,-0.0021406129526431654,-0.0008402241810294491,0.9229955095797777,0.203125
,,layer_11.head_00,random_control,rescue,0.004120112565716111,0.003791751383281218,0.00446483194699007,0.25586211518384516,1.0
,,layer_11.head_00,random_control,induction,0.0024055043049089502,0.0021190536773361395,0.0027250733654541346,0.9203680865466595,1.0
,,layer_12.head_11,random_control,rescue,0.020994320708514015,0.019558012198306333,0.022465854332186053,0.2671487797051668,1.0
,,layer_12.head_11,random_control,induction,0.013498823485864658,0.01149841371753561,0.015938902749665137,0.9129480896517634,1.0
,,layer_10.head_08,random_control,rescue,-0.001196738461311225,-0.0014936468487034991,-0.000923614030975702,0.25230582896620035,0.140625
,,layer_10.head_08,random_control,induction,0.0018858860236688302,0.0015434205303456279,0.0022985704259275838,0.9207156440243125,1.0
,,layer_12.head_05,random_control,rescue,0.016854609343744976,0.015856881063825663,0.01788362924546618,0.2643798477947712,1.0
,,layer_12.head_05,random_control,induction,0.0034503772234317645,0.0029332795587165787,0.004031907389137502,0.9196692015975714,1.0
,,layer_09.head_07,random_control,rescue,-0.0022136468109706367,-0.0025108539746587478,-0.0019384710841949154,0.25162564869970083,0.015625
,,layer_09.head_07,random_control,induction,0.0029163143874521035,0.002503257072411105,0.003390021597291933,0.9200264206156135,1.0
,,layer_11.head_05,random_control,rescue,-0.012443744070582683,-0.013495848742082168,-0.011350437602085836,0.24478303571231663,0.03125
,,layer_11.head_05,random_control,induction,-0.006214834422378129,-0.007146906819926426,-0.0051981831774963625,0.9261339791119099,0.0625
,,layer_11.head_03,random_control,rescue,-0.0017325978161604342,-0.0020567643139461586,-0.00143221880734488,0.25194740830920637,0.0625
,,layer_11.head_03,random_control,induction,-0.0012430935910961482,-0.0016250141462600893,-0.0009255785043698987,0.9228085270151496,0.109375
,,layer_12.head_15,random_control,rescue,0.0004429931486694894,-0.0003440747343198718,0.001231831488599168,0.2534025975037366,0.578125
,,layer_12.head_15,random_control,induction,-0.0021613086224122604,-0.00265464265189508,-0.0017267691158295343,0.9234226942062378,0.046875
,,layer_10.head_04,random_control,rescue,0.004702409896986738,0.004442037705617656,0.004964088723325469,0.25625159684568644,1.0
,,layer_10.head_04,random_control,induction,0.003299924946795333,0.0028545312663172777,0.0038210800122326373,0.9197698347270489,1.0
,,layer_09.head_09,random_control,rescue,-0.0012449183056697135,-0.0013703544983768533,-0.0011271762223478226,0.2522736028768122,0.0
,,layer_09.head_09,random_control,induction,-0.00030888010846354054,-0.00040723605183610626,-0.00022136494523128752,0.9221836589276791,0.109375
,,layer_10.head_03,random_control,rescue,-0.07728380927932343,-0.08192471940809858,-0.07338489296513467,0.20141341164708138,0.0
,,layer_10.head_03,random_control,induction,0.04325425397706601,0.03937632803692705,0.0472888751354202,0.8930455520749092,0.984375
,,layer_11.head_02,random_control,rescue,0.0019454837357738889,0.0016252319572010953,0.0022738814062944705,0.254407569533214,0.9375
,,layer_11.head_02,random_control,induction,0.00019066840103802742,-8.998931891408008e-05,0.0004938630532349965,0.9218495255336165,0.59375
,,layer_11.head_06,random_control,rescue,0.005222879618869159,0.004652315359493727,0.005849347010670887,0.25659972382709384,1.0
,,layer_11.head_06,random_control,induction,0.006636937339131673,0.00569100622224189,0.007751652707120155,0.9175378046929836,1.0
,,layer_11.mlp,selected,rescue,0.0773983902218961,0.06956371765095173,0.08528778930687006,0.29274510918185115,1.0
,,layer_11.mlp,selected,induction,0.01998398644369502,0.016569069187933536,0.02326751898126854,0.9017196362838149,0.921875
,,layer_11.head_08,selected,rescue,0.14117595576212963,0.13461024300430846,0.14794054814267307,0.33577430760487914,1.0
,,layer_11.head_08,selected,induction,0.08667808225928213,0.07980618113518094,0.09383141204493185,0.8567227246239781,1.0
,,layer_10.head_12,selected,rescue,0.06351404364080786,0.059328645868022,0.06766349427690592,0.28337767254561186,1.0
,,layer_10.head_12,selected,induction,0.03103757456624869,0.02809669280160262,0.033940929989123875,0.8942620446905494,1.0
,,layer_11.head_09,selected,rescue,0.13265341374578798,0.12471887975378214,0.14115296388361945,0.33002435229718685,1.0
,,layer_11.head_09,selected,induction,0.07942294788654483,0.07300686821045793,0.08616403182200774,0.8616175903007388,1.0
,,layer_12.mlp,selected,rescue,0.08299481543304453,0.07647168756797977,0.08962434061656656,0.2965208834502846,1.0
,,layer_12.mlp,selected,induction,0.027975311368217574,0.023328217854777452,0.03319644178167568,0.896328080445528,0.96875
,,layer_10.mlp,selected,rescue,0.04157229931028956,0.03523464958294145,0.047651751236113156,0.2685741023160517,0.90625
,,layer_10.mlp,selected,induction,0.01640741259744773,0.013671145089363842,0.0191888766593054,0.9041326651349664,0.96875
,,layer_10.head_02,selected,rescue,0.011416499480451167,0.010425652669613216,0.012472472322133984,0.2482287052553147,1.0
,,layer_10.head_02,selected,induction,0.006037552941426843,0.005301511688468077,0.006798829192197062,0.911128961481154,1.0
,,layer_09.head_11,selected,rescue,0.013377197100685998,0.012104907712782524,0.01484799723430363,0.24955154105555266,1.0
,,layer_09.head_11,selected,induction,0.007739377157752051,0.006743187002311926,0.008856365912182891,0.9099807813763618,1.0
,,layer_12.head_12,selected,rescue,0.08602716985892345,0.08085186156142225,0.09158899209759694,0.2985667404718697,1.0
,,layer_12.head_12,selected,induction,0.04389027608566986,0.0396149397392533,0.048413706376657484,0.8855906343087554,1.0
,,layer_09.mlp,selected,rescue,0.013898121415740887,0.010497605528451701,0.01716424042260619,0.24990299623459578,0.890625
,,layer_09.mlp,selected,induction,0.003998523340347995,0.002315449953891405,0.005742030380051306,0.9125046459957957,0.734375
,,layer_12.head_03,selected,rescue,0.07025058156979713,0.06592332675989569,0.07464135217739377,0.2879226536024362,1.0
,,layer_12.head_03,selected,induction,0.04306137237788149,0.03888104857649807,0.04748673637091299,0.8861498758196831,1.0
,,layer_09.head_04,selected,rescue,0.029272191750263347,0.027043052890678015,0.03155249439736894,0.26027551386505365,1.0
,,layer_09.head_04,selected,induction,0.01042002751720576,0.009099090233662625,0.011806242563152514,0.9081722106784582,1.0
,,layer_11.head_14,selected,rescue,0.006809993130740105,0.005976479493854251,0.0077233676077921466,0.24512080557178706,1.0
,,layer_11.head_14,selected,induction,0.010050933522231948,0.008948852120270348,0.011243633366320494,0.908421229571104,1.0
,,layer_12.head_02,selected,rescue,0.04020127853066168,0.03747399910891803,0.04320326618894101,0.2676491073798388,1.0
,,layer_12.head_02,selected,induction,0.02672535680644163,0.023702415666101487,0.030033952584814703,0.8971713948994875,1.0
,,layer_09.head_13,selected,rescue,0.002314677447883551,0.0017173028968345055,0.002901602393531184,0.24208792357239872,0.875
,,layer_09.head_13,selected,induction,0.0011801643208551407,0.0007294654304057567,0.0016673859628974566,0.914406125433743,0.734375
,,layer_11.head_15,selected,rescue,0.008563423412041065,0.007742134291086875,0.009384827443925006,0.24630380305461586,0.984375
,,layer_11.head_15,selected,induction,0.0044910195343280165,0.0036396003630663437,0.005400959225553791,0.9121723705902696,0.984375
,,layer_10.head_13,random_control,rescue,-0.010583696834107464,-0.011896366365232712,-0.009311280720360483,0.2333856988698244,0.0
,,layer_10.head_13,random_control,induction,-0.0061901712971063555,-0.0075610476486570695,-0.004965923343530908,0.9193787146359682,0.03125
,,layer_09.head_15,random_control,rescue,0.0026886775554411787,0.0021642504747183713,0.0031942685259745817,0.24234025250189006,0.90625
,,layer_09.head_15,random_control,induction,0.0013926022914383868,0.0010346126568792295,0.001749196762409226,0.9142627986148,0.859375
,,layer_10.head_14,random_control,rescue,-0.007864890850434209,-0.008359334311824982,-0.007397079166875053,0.235220012255013,0.0
,,layer_10.head_14,random_control,induction,-0.006785888248535127,-0.007763740686723203,-0.005914291484448677,0.9197806306183338,0.0
,,layer_11.head_00,random_control,rescue,0.0025634706565610833,0.002266461512726771,0.002872951481416574,0.24225577840115875,1.0
,,layer_11.head_00,random_control,induction,0.0005693306138521042,0.00039803294589024974,0.000737092468917445,0.9148182403296232,0.84375
,,layer_12.head_11,random_control,rescue,-0.00047303790924170617,-0.0010110789958162744,4.299149760910816e-05,0.24020711868070066,0.453125
,,layer_12.head_11,random_control,induction,-0.00022827667512704297,-0.0009233299244101698,0.00034655139293100973,0.9153563668951392,0.546875
,,layer_10.head_08,random_control,rescue,0.001785911082932087,0.001471959957941267,0.002113980142147194,0.24173117754980922,0.921875
,,layer_10.head_08,random_control,induction,0.0006596874278074217,0.00048297308209459483,0.0008331314003804327,0.9147572787478566,0.828125
,,layer_12.head_05,random_control,rescue,0.003632127681412793,0.0032224453284663713,0.004055330480178243,0.24297677574213594,1.0
,,layer_12.head_05,random_control,induction,0.0024880004165535124,0.0021008285333108737,0.0029020447800656365,0.9135237596929073,0.984375
,,layer_09.head_07,random_control,rescue,0.0025611622833979874,0.002130891535105744,0.0029777420019647676,0.24225422099698335,0.921875
,,layer_09.head_07,random_control,induction,0.00017369981774965952,-3.372490350791922e-05,0.000403856614534504,0.9150851629674435,0.59375
,,layer_11.head_05,random_control,rescue,-0.012014056331942585,-0.012941608256352545,-0.011096862770556083,0.23242066951934248,0.0
,,layer_11.head_05,random_control,induction,-0.005423796928556697,-0.0060025488359843025,-0.004853210665665012,0.9188616601750255,0.0
,,layer_11.head_03,random_control,rescue,0.002639550860623935,0.002277545046535942,0.003012367085705337,0.24230710789561272,0.96875
,,layer_11.head_03,random_control,induction,9.135898403539387e-05,-0.0001594978794513285,0.00033276921610750067,0.9151407163590193,0.484375
,,layer_12.head_15,random_control,rescue,-0.0027458352423446815,-0.003121459316258804,-0.002377855411184944,0.23867371666710824,0.03125
,,layer_12.head_15,random_control,induction,-0.0023453568280897463,-0.0028554563002106677,-0.001883864484470488,0.9167847102507949,0.046875
,,layer_10.head_04,random_control,rescue,-0.000794544872556765,-0.0012473923357816349,-0.0003516020812030733,0.2399902056204155,0.28125
,,layer_10.head_04,random_control,induction,0.0017662460833597615,0.0014839067382087462,0.00205561797705193,0.9140107100829482,0.984375
,,layer_09.head_09,random_control,rescue,0.001528531271345663,0.0010587882710724236,0.0019746166006980874,0.24155752954538912,0.859375
,,layer_09.head_09,random_control,induction,0.0007395076519263437,0.0005331038480769916,0.0009500436610983397,0.914703425951302,0.734375
,,layer_10.head_03,random_control,rescue,0.0032312663788300875,0.0026069299547040784,0.0038135934676075977,0.24270632420666516,0.90625
,,layer_10.head_03,random_control,induction,0.0026009074377101077,0.002179522363748835,0.003025863057889595,0.9134475840255618,0.96875
,,layer_11.head_02,random_control,rescue,0.0011716020474884824,0.0010186778852624445,0.0013279958103241504,0.24131671793293208,0.96875
,,layer_11.head_02,random_control,induction,0.0010870080565934942,0.000870031712830694,0.0013054984596293467,0.9144689757376909,0.921875
,,layer_11.head_06,random_control,rescue,0.000504791757954898,7.067744924271635e-05,0.0009489833137396525,0.24086683697532862,0.65625
,,layer_11.head_06,random_control,induction,0.0008130815680392799,0.000464924076147343,0.0011842994465981371,0.9146537873893976,0.734375
,,layer_11.mlp,selected,rescue,0.5027278665538956,0.46491626886530607,0.5388583566854634,0.5464101255638525,1.0
,,layer_11.mlp,selected,induction,0.44658403377325234,0.4098387784888931,0.4842295788197834,0.578024439746514,1.0
,,layer_11.head_08,selected,rescue,0.4635523800309271,0.42275932254521825,0.5039187269482138,0.521976261457894,1.0
,,layer_11.head_08,selected,induction,0.5416145674674907,0.499950426334754,0.5833252471190608,0.5187536213779822,1.0
,,layer_10.head_12,selected,rescue,0.022191314639685794,0.01634247744615717,0.028537109347554122,0.24669809006599763,0.9375
,,layer_10.head_12,selected,induction,0.010561527613648081,0.006645509601256042,0.015084289904915161,0.8499729363247752,0.921875
,,layer_11.head_09,selected,rescue,0.0438177511647029,0.03542318548198926,0.05288080263606912,0.26018656099637383,1.0
,,layer_11.head_09,selected,induction,0.09550789795147005,0.07896672780717161,0.11377593590672684,0.7969916397705674,1.0
,,layer_12.mlp,selected,rescue,0.3743504059042141,0.3372647351606144,0.4099174495741514,0.46634073252789676,1.0
,,layer_12.mlp,selected,induction,0.3502796649636749,0.3170620154011685,0.3849503660019946,0.6380897527560592,1.0
,,layer_10.mlp,selected,rescue,0.0034899962397572466,0.0008190656080714722,0.006097377443943297,0.23503402375968108,0.75
,,layer_10.mlp,selected,induction,0.014586367233672437,0.01046730650121843,0.02016573079400152,0.847462632227689,0.9375
,,layer_10.head_02,selected,rescue,0.029417362113949064,0.023518786162319585,0.03590399962684523,0.2512049967487222,1.0
,,layer_10.head_02,selected,induction,0.015568621302088028,0.011803500823554792,0.01992239931173818,0.8468499975278974,1.0
,,layer_09.head_11,selected,rescue,0.01909660180865733,0.015205092730499994,0.023295729449219458,0.24476790873395515,0.984375
,,layer_09.head_11,selected,induction,0.008907862065342751,0.005874411605598827,0.012046693108876653,0.8510043323040009,0.921875
,,layer_12.head_12,selected,rescue,0.014804418588624288,0.012085920851758464,0.017636110322147396,0.24209086166129978,1.0
,,layer_12.head_12,selected,induction,0.021703163322948464,0.016796338165988956,0.02723548552073723,0.8430238659493625,1.0
,,layer_09.mlp,selected,rescue,0.01181599412141692,0.007625693115649256,0.016285845457072533,0.24022697268879512,0.78125
,,layer_09.mlp,selected,induction,-0.0073820926306518795,-0.014057600640095372,-0.0013387086020110789,0.8611644241027534,0.4375
,,layer_12.head_03,selected,rescue,0.008077828505542856,0.006573398154564955,0.009632870919504561,0.23789546799617867,0.984375
,,layer_12.head_03,selected,induction,0.01803007963873494,0.01389317653272812,0.02266984153807364,0.8453147788532078,1.0
,,layer_09.head_04,selected,rescue,0.004812712386961312,0.003663744896346032,0.006092708866217274,0.23585900564146556,0.9375
,,layer_09.head_04,selected,induction,0.01019983657113236,0.007386249142692975,0.013615870144168898,0.8501985240727663,0.9375
,,layer_11.head_14,selected,rescue,0.005062487344164051,0.003570639171284072,0.006554456377075142,0.2360147910037682,0.921875
,,layer_11.head_14,selected,induction,0.01715768588528122,0.012286178068253556,0.0218848698633073,0.8458588933572173,0.984375
,,layer_12.head_02,selected,rescue,0.001753055610407186,0.001004802687557914,0.002541780687996838,0.233950688871861,0.75
,,layer_12.head_02,selected,induction,0.009770761210547726,0.007513428981635588,0.012276379785351777,0.8504661396145821,1.0
,,layer_09.head_13,selected,rescue,0.0006168609638393261,-0.0006771216270338007,0.001700897168084383,0.23324204098880585,0.671875
,,layer_09.head_13,selected,induction,0.002382599407099269,0.0014142152181364411,0.00345139931098062,0.8550741574726999,0.84375
,,layer_11.head_15,selected,rescue,0.06875487493827433,0.0566704874521745,0.08125839015707358,0.2757399171268631,1.0
,,layer_11.head_15,selected,induction,0.08094924777658714,0.06787782345551818,0.0953662781509974,0.8060719119384885,1.0
,,layer_10.head_13,random_control,rescue,-0.009332492905006574,-0.011444340187209788,-0.0073151705182770204,0.2270366002412878,0.015625
,,layer_10.head_13,random_control,induction,-0.021246249953150744,-0.028080620153367795,-0.015242512438307796,0.8698115390725434,0.015625
,,layer_09.head_15,random_control,rescue,0.00036461508002977306,5.18731571625305e-05,0.0006857829835219137,0.23308471450244106,0.609375
,,layer_09.head_15,random_control,induction,0.0015628571648753878,0.0003115762037819851,0.0026442610491826174,0.8555854330770671,0.859375
,,layer_10.head_14,random_control,rescue,-0.0016159770481767777,-0.002608113780581512,-0.0005916934494046648,0.23184941347097698,0.296875
,,layer_10.head_14,random_control,induction,-0.002216938390249918,-0.0037073367956941008,-0.0010434553008804627,0.857942902483046,0.15625
,,layer_11.head_00,random_control,rescue,0.00019962801136202626,3.008579337421505e-06,0.0004262618849060077,0.2329818115911344,0.609375
,,layer_11.head_00,random_control,induction,0.0002084886658996666,-0.00021759472513152936,0.00073780633441718,0.856430156622082,0.453125
,,layer_12.head_11,random_control,rescue,-0.012486376367926082,-0.015333216253541516,-0.009858285234922054,0.2250695140152157,0.015625
,,layer_12.head_11,random_control,induction,-0.007466796004122713,-0.01059400483020618,-0.0048119337259018985,0.8612172538414598,0.03125
,,layer_10.head_08,random_control,rescue,-4.083633884733689e-05,-0.0002392973733632668,0.00015367132306743486,0.23283183328130796,0.359375
,,layer_10.head_08,random_control,induction,0.0004030426484341833,-0.00011078431910853415,0.0011509568617963533,0.8563088127411902,0.40625
,,layer_12.head_05,random_control,rescue,0.0009470030429029844,0.0005663858550770393,0.0014350031682608074,0.23344795155716014,0.78125
,,layer_12.head_05,random_control,induction,0.0008125143345053847,0.0003267976275965983,0.0013910613676682121,0.8560534240677953,0.671875
,,layer_09.head_07,random_control,rescue,0.00026475728174758914,6.278079791598321e-05,0.00047207100388301404,0.23302243290520508,0.71875
,,layer_09.head_07,random_control,induction,0.00020123462691682282,-0.0004546554995319366,0.0006474288972552512,0.8564346809871495,0.6875
,,layer_11.head_05,random_control,rescue,-0.00442067440916244,-0.005446180739219395,-0.0034789648052532427,0.2301001156253335,0.015625
,,layer_11.head_05,random_control,induction,-0.005398633354308395,-0.007168989976563961,-0.0037879852852703627,0.8599273348227143,0.078125
,,layer_11.head_03,random_control,rescue,0.000360764267490526,0.00010458378415633161,0.000640345771751884,0.23308231273953695,0.65625
,,layer_11.head_03,random_control,induction,-0.00026440359874272307,-0.000617985215348741,0.00013081749332330235,0.8567251008935273,0.28125
,,layer_12.head_15,random_control,rescue,0.004332192964730573,0.0034841015361719704,0.005191675180771097,0.23555930428980076,0.984375
,,layer_12.head_15,random_control,induction,0.00610340101983384,0.004291485938553307,0.00811101871997685,0.8527534827589989,0.890625
,,layer_10.head_04,random_control,rescue,0.0008159236781387965,0.00036867478537782906,0.0012954162068099374,0.2333661969787233,0.671875
,,layer_10.head_04,random_control,induction,0.0002801196877288142,-0.00013748850608819664,0.0006685986908083229,0.8563854801468551,0.53125
,,layer_09.head_09,random_control,rescue,-0.0002402227689768479,-0.0005369181774641447,0.0001157926440911679,0.23270747538889225,0.296875
,,layer_09.head_09,random_control,induction,1.9702973317954654e-05,-0.00029278619301318406,0.0002872508815417363,0.856547902803868,0.578125
,,layer_10.head_03,random_control,rescue,0.0006567236256954843,1.5977790686871107e-06,0.0013279448323705425,0.23326690344615209,0.6875
,,layer_10.head_03,random_control,induction,0.007095452819164608,0.0052594585709815215,0.009169428856876561,0.8521347371861339,1.0
,,layer_11.head_02,random_control,rescue,-0.0006953704783608301,-0.0010937266000335065,-0.0003820254293063149,0.23242359844781824,0.15625
,,layer_11.head_02,random_control,induction,-2.7838755820635666e-05,-0.0003795526491574207,0.00035508391544392457,0.85657755471766,0.328125
,,layer_11.head_06,random_control,rescue,0.002719539437836418,0.0020960406652227215,0.003440570366104451,0.23455348762679584,0.984375
,,layer_11.head_06,random_control,induction,0.0005923457400499742,0.00018314181632947998,0.0011179402192023832,0.856190743856132,0.75
,,layer_11.mlp,selected,rescue,0.29163403040826996,0.26830780679036964,0.3194261287430767,0.49950548481865553,1.0
,,layer_11.mlp,selected,induction,0.18141259536938623,0.164872732830538,0.19810696126541533,0.6788485654979013,0.984375
,,layer_11.head_08,selected,rescue,0.09123319434551715,0.0831747421207373,0.09983027915717545,0.4313011520098371,1.0
,,layer_11.head_08,selected,induction,0.05605219869933471,0.050252306080380074,0.06190221549429464,0.7215136680169962,0.953125
,,layer_10.head_12,selected,rescue,0.3295105211443727,0.29963083410882396,0.35652723095776023,0.5123963530932087,1.0
,,layer_10.head_12,selected,induction,0.17917675241674666,0.1531837276620572,0.20498612955488024,0.6796095113095362,0.984375
,,layer_11.head_09,selected,rescue,0.07339853075513826,0.06266626791611378,0.08500941743249656,0.4252313104116183,0.984375
,,layer_11.head_09,selected,induction,0.044467515679484836,0.03801237943330962,0.05089398873729493,0.725456393964123,0.9375
,,layer_12.mlp,selected,rescue,0.17037165914636387,0.14876941077394415,0.19620979944663805,0.45823510247282684,1.0
,,layer_12.mlp,selected,induction,0.10891705387864872,0.09348652975103729,0.12655117575884559,0.7035216663498431,0.984375
,,layer_10.mlp,selected,rescue,0.18521551066551017,0.1591305026445846,0.2153564850750182,0.46328705240011914,0.96875
,,layer_10.mlp,selected,induction,0.0924626551406265,0.07617369896437291,0.10856055839254869,0.7091217492124997,0.875
,,layer_10.head_02,selected,rescue,0.044425571591950125,0.038888099588747,0.05022535601891958,0.4153706661745673,0.953125
,,layer_10.head_02,selected,induction,0.03307964215751065,0.027682134773001087,0.03886178462682098,0.7293321378529072,0.953125
,,layer_09.head_11,selected,rescue,-0.013384782646864638,-0.022331678747178063,-0.003687460755007511,0.3956955155226751,0.234375
,,layer_09.head_11,selected,induction,0.020271798839527407,0.016642380446051114,0.023775069485651005,0.7336911536403932,0.9375
,,layer_12.head_12,selected,rescue,0.058793248602658124,0.05266401756643062,0.06556098928069061,0.42026055507813,0.984375
,,layer_12.head_12,selected,induction,0.03527985352363292,0.030191388726731463,0.04070016435683905,0.7285833188798279,0.953125
,,layer_09.mlp,selected,rescue,-0.09958047300554326,-0.12468151155985276,-0.07707627206358614,0.36635971200303175,0.140625
,,layer_09.mlp,selected,induction,0.049017818799143305,0.0337362927144865,0.06353472383059254,0.7239077457925305,0.8125
,,layer_12.head_03,selected,rescue,0.02087225926983656,0.017952331124830273,0.02400990334940708,0.40735454217065126,0.953125
,,layer_12.head_03,selected,induction,0.012390464059252303,0.010232017391435403,0.014738362404155061,0.7363734836690128,0.953125
,,layer_09.head_04,selected,rescue,0.08258946352591484,0.0739690002920194,0.091671966523995,0.42835934844697476,0.984375
,,layer_09.head_04,selected,induction,0.04362461519378515,0.03716965230024817,0.050796603094897974,0.7257432663463987,0.984375
,,layer_11.head_14,selected,rescue,0.018593201949813783,0.013644564114268117,0.023606719913772306,0.4065788888001407,0.875
,,layer_11.head_14,selected,induction,0.011146391117581459,0.008590589771214489,0.013850150525364037,0.7367968909093179,0.90625
,,layer_12.head_02,selected,rescue,0.010187937773068197,0.00755703748442779,0.01289484236689188,0.403718244870106,0.8125
,,layer_12.head_02,selected,induction,0.0068181648592300975,0.005097613732305795,0.00850476500086602,0.7382699575391598,0.875
,,layer_09.head_13,selected,rescue,0.014978109571277385,0.011180925210990974,0.0189807324742034,0.4053485298427404,0.78125
,,layer_09.head_13,selected,induction,0.004842417394928633,0.002019778386777406,0.007905553617673098,0.7389423825661652,0.625
,,layer_11.head_15,selected,rescue,0.004354311831355576,0.0008440364614617263,0.007527651461800963,0.4017328311711026,0.71875
,,layer_11.head_15,selected,induction,0.0017471845297378228,-1.0748268107657999e-05,0.003673655611205188,0.7399958127643913,0.578125
,,layer_10.head_13,random_control,rescue,-0.13724241849705143,-0.15589133378297806,-0.12112230869956768,0.35354186196309456,0.0
,,layer_10.head_13,random_control,induction,-0.033664726362109154,-0.03905516826802285,-0.028769232949945652,0.7520478870137595,0.0
,,layer_09.head_15,random_control,rescue,0.010128593266313496,0.007855967945146786,0.012643510994698695,0.4036980475866585,0.921875
,,layer_09.head_15,random_control,induction,0.004744664862011348,0.0035315100910237,0.005954661419673832,0.7389756516204216,0.875
,,layer_10.head_14,random_control,rescue,-0.0320307529196965,-0.039032171821730785,-0.025991925929414017,0.3893495541633456,0.015625
,,layer_10.head_14,random_control,induction,-0.014312222882298579,-0.017457537221346825,-0.011366849980254237,0.7454614644520916,0.078125
,,layer_11.head_00,random_control,rescue,0.009161317945460231,0.0067938001417580905,0.012154532479578803,0.4033688455274387,0.984375
,,layer_11.head_00,random_control,induction,0.00526875493947077,0.004147027213199486,0.006518788704114975,0.738797283032909,0.9375
,,layer_12.head_11,random_control,rescue,-0.016302233873565115,-0.018569339418977145,-0.014271197204428142,0.39470259144945885,0.0
,,layer_12.head_11,random_control,induction,-0.010509360177344522,-0.012401850280703773,-0.008812493997928056,0.7441671998240054,0.0
,,layer_10.head_08,random_control,rescue,0.012884536358279363,0.010982721355965001,0.015038269669392899,0.4046360040520085,0.96875
,,layer_10.head_08,random_control,induction,0.008023368394115318,0.006555971079417988,0.009662559788385514,0.7378597790957429,0.9375
,,layer_12.head_05,random_control,rescue,0.001734475734576846,0.001039372824881541,0.002527699096583102,0.40084119730090606,0.75
,,layer_12.head_05,random_control,induction,0.00046296066701832095,-2.319880454052521e-05,0.000949524596812872,0.7404328849515878,0.59375
,,layer_09.head_07,random_control,rescue,0.00011680355593377087,-0.0007403897621417719,0.0009702556199719763,0.400290639459854,0.453125
,,layer_09.head_07,random_control,induction,-0.0021408743311618268,-0.0031475243966259878,-0.0012780921623154174,0.7413190730148926,0.25
,,layer_11.head_05,random_control,rescue,-0.027022967486774428,-0.03118499563412998,-0.023383643304760064,0.39105390166514553,0.0
,,layer_11.head_05,random_control,induction,-0.01268315589673603,-0.01441346604549182,-0.011119332302846199,0.7449070285074413,0.0
,,layer_11.head_03,random_control,rescue,-0.0027651600258537874,-0.003646475768908208,-0.0020136432623666977,0.39930979323617066,0.09375
,,layer_11.head_03,random_control,induction,-0.002768210709209304,-0.0033360023823334854,-0.002241715047910644,0.7415325804031454,0.03125
,,layer_12.head_15,random_control,rescue,-0.0020099502705908183,-0.003346395494144732,-0.0009180356032890703,0.39956682099364116,0.25
,,layer_12.head_15,random_control,induction,-0.0017624472568627543,-0.0022861616681328196,-0.0013001404760621129,0.7411902793101035,0.140625
,,layer_10.head_04,random_control,rescue,0.01110219334876788,0.009219502291829119,0.0132409228038843,0.40402940221247263,0.984375
,,layer_10.head_04,random_control,induction,0.007540168763618516,0.006474088695233626,0.00864476129208874,0.7380242310464382,0.953125
,,layer_09.head_09,random_control,rescue,0.001875847715156528,0.0009560411801774591,0.0028536708478416493,0.400889311778883,0.640625
,,layer_09.head_09,random_control,induction,0.0016197832330968043,0.000896719374646392,0.002327213170390581,0.740039172465913,0.640625
,,layer_10.head_03,random_control,rescue,0.01710669468219693,0.014701473857279152,0.01982814406805635,0.40607297156748245,0.953125
,,layer_10.head_03,random_control,induction,0.013741225414958121,0.011489868314015668,0.016203898692741008,0.7359137661405839,0.90625
,,layer_11.head_02,random_control,rescue,-0.0008131605746374287,-0.0012883031849930278,-0.0003190778769785963,0.3999741358747997,0.25
,,layer_11.head_02,random_control,induction,-0.0003760178001200639,-0.0009515943279464393,0.000251371770997308,0.7407184225157835,0.390625
,,layer_11.head_06,random_control,rescue,0.004118451978864243,0.003229072263584256,0.005071014783106629,0.40165255873216665,0.90625
,,layer_11.head_06,random_control,induction,0.001972643473595506,0.0014173910471030416,0.002533114719400919,0.7399190801661462,0.796875
,,layer_11.mlp,selected,rescue,9.120291492138685e-05,4.000629565031753e-05,0.00016217126307647696,0.00024315154063159206,1.0
,,layer_11.mlp,selected,induction,0.003782557702548278,0.0008601468258466229,0.006570100562095159,0.9172406520228833,0.765625
,,layer_11.head_08,selected,rescue,1.9870122187509776e-05,9.643573451077802e-06,3.344681009205812e-05,0.0001774851722002868,1.0
,,layer_11.head_08,selected,induction,0.04712882380761379,0.040830861258630585,0.05397824333926925,0.8773376597091556,1.0
,,layer_10.head_12,selected,rescue,0.001748668530381905,0.0011301575125361749,0.002517342707682215,0.001768953960468167,1.0
,,layer_10.head_12,selected,induction,0.5076817771575736,0.47822339688639,0.5393287830147976,0.4533694011042826,1.0
,,layer_11.head_09,selected,rescue,2.808414961641219e-05,1.2431248961001754e-05,4.825174985093452e-05,0.00018504670639485354,1.0
,,layer_11.head_09,selected,induction,0.022808530771033394,0.019467259346717492,0.026613918461903998,0.8997260348405689,1.0
,,layer_12.mlp,selected,rescue,0.00018331441143007774,9.218347907695264e-05,0.00029996823299277764,0.00032794602623464897,1.0
,,layer_12.mlp,selected,induction,0.013691142606066893,0.010940658008440638,0.016737566736401005,0.9081191699951887,0.984375
,,layer_10.mlp,selected,rescue,0.0004803973177969962,0.0002997297185780591,0.0007097868489408368,0.0006014297191683227,1.0
,,layer_10.mlp,selected,induction,0.23958813977977136,0.21343392881970613,0.2690174155740317,0.7001666298601776,1.0
,,layer_10.head_02,selected,rescue,1.0620676396005939e-05,3.109466899584789e-06,2.1960421191988713e-05,0.00016897046960906437,1.0
,,layer_10.head_02,selected,induction,0.00355028792406604,0.0028472394422552373,0.004443221871400743,0.9174544711131603,0.984375
,,layer_09.head_11,selected,rescue,1.2589735540590284e-05,4.114297678212666e-06,2.3865451678391276e-05,0.00017078311367213495,1.0
,,layer_09.head_11,selected,induction,0.042863626195187125,0.03533685023724482,0.05172084676031272,0.8812640451360494,1.0
,,layer_12.head_12,selected,rescue,0.0003770802160706745,0.0001939962058632148,0.000634475466111931,0.0005063197619215032,1.0
,,layer_12.head_12,selected,induction,0.08442020229620488,0.07268746505060934,0.09766385855319809,0.8430085761938244,1.0
,,layer_09.mlp,selected,rescue,2.4148258467956002e-05,3.276350879942013e-06,5.017559384820608e-05,0.00018142346849325808,0.859375
,,layer_09.mlp,selected,induction,0.6977960440710627,0.6731695673292082,0.7236166825787647,0.27835713792592287,1.0
,,layer_12.head_03,selected,rescue,1.4451806854082714e-05,6.0819258576570615e-06,2.545732726816461e-05,0.00017249726863832748,1.0
,,layer_12.head_03,selected,induction,0.019355659495190476,0.01671507106948078,0.022287374448122215,0.9029046222567558,1.0
,,layer_09.head_04,selected,rescue,0.00018645893754629385,7.987571246280521e-05,0.0003299669734243001,0.000330840762338136,1.0
,,layer_09.head_04,selected,induction,0.8154064911610629,0.7945258431539205,0.836096538117893,0.17008924802576075,1.0
,,layer_11.head_14,selected,rescue,3.3108296765113155e-06,1.282960015420864e-06,5.922980515976736e-06,0.0001622412912121174,0.96875
,,layer_11.head_14,selected,induction,0.0019977124167296226,0.001533749134963901,0.002506471353804644,0.9188837155234069,0.921875
,,layer_12.head_02,selected,rescue,8.246978602527987e-06,2.6027573450374664e-06,1.572172021557478e-05,0.0001667853299576194,1.0
,,layer_12.head_02,selected,induction,0.0056008964186048706,0.004680378529283059,0.006717441695945591,0.9155667556915432,1.0
,,layer_09.head_13,selected,rescue,-2.85971427974373e-07,-1.5804264620958788e-06,5.025109746246836e-07,0.00015893020724289109,0.8125
,,layer_09.head_13,selected,induction,0.0015891351092836455,0.001084119374918208,0.0022286995289110953,0.919259836897254,0.96875
,,layer_11.head_15,selected,rescue,-2.1845753850740135e-06,-7.588368620392894e-06,1.3016025793847498e-06,0.00015718242165685403,0.53125
,,layer_11.head_15,selected,induction,0.004115058643712186,0.003225179773805845,0.0051817443147492695,0.9169345637783408,0.96875
,,layer_10.head_13,random_control,rescue,0.0001605919064055221,7.161370872317372e-05,0.00029947342332864435,0.0003070285164969988,1.0
,,layer_10.head_13,random_control,induction,0.1388514308141239,0.12180382505085532,0.15786906536833611,0.7929011716041714,1.0
,,layer_09.head_15,random_control,rescue,-3.554402762609752e-07,-1.6326575750293056e-06,4.051590165823113e-07,0.00015886625675376465,0.515625
,,layer_09.head_15,random_control,induction,0.001367035824637421,0.0010142543391519073,0.001792889867962209,0.9194642934016883,1.0
,,layer_10.head_14,random_control,rescue,-1.1269933316517524e-05,-2.3534370583678096e-05,-3.415409956970017e-06,0.0001488187723674983,0.0
,,layer_10.head_14,random_control,induction,-0.008579467377060567,-0.010287156966515321,-0.0070961520740676015,0.9286206816323102,0.0
,,layer_11.head_00,random_control,rescue,6.008281663129017e-06,2.038601636251638e-06,1.2521378158654448e-05,0.0001647244671707515,1.0
,,layer_11.head_00,random_control,induction,0.003968234721817277,0.003247566150894275,0.00482620667318887,0.917069724528119,1.0
,,layer_12.head_11,random_control,rescue,-6.090370019155397e-06,-1.3271117303886723e-05,-1.7329920057953147e-06,0.00015358688950917188,0.0
,,layer_12.head_11,random_control,induction,-0.005441986625627848,-0.0067548146614012415,-0.00436573630371338,0.9257324312347919,0.0
,,layer_10.head_08,random_control,rescue,-2.3482796863606918e-07,-1.2109723330396871e-06,3.455191837212699e-07,0.00015897728804703526,0.515625
,,layer_10.head_08,random_control,induction,0.0030054555404907335,0.002603056659573873,0.003431595817270865,0.9179560239426792,0.984375
,,layer_12.head_05,random_control,rescue,-1.8020519497485925e-07,-1.292207449422502e-06,7.611465752594159e-07,0.00015902757178110072,0.625
,,layer_12.head_05,random_control,induction,0.000626410812000731,0.00047851410964216344,0.0007907769471506462,0.9201460857875645,0.90625
,,layer_09.head_07,random_control,rescue,-4.571085622739344e-07,-1.7361664506411701e-06,3.0111341567722203e-07,0.00015877266463615314,0.65625
,,layer_09.head_07,random_control,induction,0.00028295911306257883,0.000179451802053861,0.00041155502160658016,0.9204622549004853,0.828125
,,layer_11.head_05,random_control,rescue,-1.1084833584883463e-05,-1.9810034101486793e-05,-4.376253449811016e-06,0.00014898916843231191,0.0
,,layer_11.head_05,random_control,induction,-0.007258308795694325,-0.009139573224255128,-0.005694314127742959,0.9274044712074101,0.0
,,layer_11.head_03,random_control,rescue,-1.3976991271886975e-07,-7.349677996163647e-07,6.0766603583912e-07,0.0001590647950278079,0.390625
,,layer_11.head_03,random_control,induction,-0.0003586705131006064,-0.0004439060350051576,-0.00027149362924139985,0.9210529157426208,0.078125
,,layer_12.head_15,random_control,rescue,-2.2215091211346907e-06,-4.428780552735502e-06,-7.076122937094652e-07,0.00015714842180591937,0.0
,,layer_12.head_15,random_control,induction,-0.001978877072890426,-0.0024129130553602923,-0.0016160681452729064,0.9225444188341498,0.0
,,layer_10.head_04,random_control,rescue,-1.4558666340312316e-05,-3.3254362821498794e-05,-3.3728525603992344e-06,0.00014579128464220492,0.0
,,layer_10.head_04,random_control,induction,0.006792911074858727,0.005790751854259236,0.007916178897552327,0.914469430455938,0.984375
,,layer_09.head_09,random_control,rescue,1.7462939509177622e-05,7.162440962198118e-06,3.0882575049823846e-05,0.00017526920758459408,0.859375
,,layer_09.head_09,random_control,induction,0.0988057785426871,0.0833085071677107,0.11662067372659214,0.829765739152208,1.0
,,layer_10.head_03,random_control,rescue,2.0771797507208397e-06,6.447086177356178e-07,4.124520121270064e-06,0.000161105638065262,0.96875
,,layer_10.head_03,random_control,induction,0.005036873083055149,0.003776645944988323,0.006550952644417407,0.9160859750118107,1.0
,,layer_11.head_02,random_control,rescue,7.967326932705785e-07,1.6925183953776177e-07,1.6076860631169696e-06,0.00015992690518507047,0.921875
,,layer_11.head_02,random_control,induction,0.0012668125025334118,0.0009711714449449873,0.0016161245519403834,0.9195565553382039,1.0
,,layer_11.head_06,random_control,rescue,9.708961697962805e-06,2.91890057417067e-06,1.9766212146556636e-05,0.0001681311782961714,1.0
,,layer_11.head_06,random_control,induction,0.0011165007881885215,0.0007908109098630709,0.0015226199197138585,0.919694926822558,0.96875
,,layer_11.mlp,selected,rescue,0.03255793727863591,0.023914133598106742,0.04153327818581692,0.04434650171581822,1.0
,,layer_11.mlp,selected,induction,0.12221598753362406,0.10474034419984775,0.14252879956394782,0.41086245564838464,0.96875
,,layer_11.head_08,selected,rescue,0.03805638777251012,0.029140292628615887,0.04728591606860928,0.0467307985176717,1.0
,,layer_11.head_08,selected,induction,0.33900156840088,0.3054673702433058,0.37705361644169266,0.3168575777785918,1.0
,,layer_10.head_12,selected,rescue,0.004985355833245294,0.0012111569472389467,0.009163085256674149,0.03239018459841736,0.359375
,,layer_10.head_12,selected,induction,0.11529730282981045,0.1003395062449683,0.1335429225001806,0.41386260957006016,1.0
,,layer_11.head_09,selected,rescue,0.051896233776384956,0.04052379080830454,0.06348227228799448,0.05273218028912652,1.0
,,layer_11.head_09,selected,induction,0.37633028842424565,0.3396568107769266,0.4170300513540564,0.3006706996993671,1.0
,,layer_12.mlp,selected,rescue,0.029194593218564546,0.022091435950665893,0.0363451283469577,0.042888052559115764,0.984375
,,layer_12.mlp,selected,induction,0.16458012792145948,0.14235468606737245,0.18979954679604585,0.39249206483509624,0.984375
,,layer_10.mlp,selected,rescue,-0.010463380570041408,-0.014193118164028354,-0.007019197803039308,0.025691138596262597,0.0625
,,layer_10.mlp,selected,induction,-0.1099916295202998,-0.13290892837407256,-0.09065228828173669,0.5115548014873639,0.03125
,,layer_10.head_02,selected,rescue,0.0017779344814111665,0.0011948525011463882,0.0024288528791735634,0.030999348311013364,0.984375
,,layer_10.head_02,selected,induction,0.019915571384905514,0.01653919848489319,0.023908512080134493,0.4552230542067264,0.984375
,,layer_09.head_11,selected,rescue,0.005985043391884367,0.004117460582631931,0.007979193523785314,0.03282367978975742,0.984375
,,layer_09.head_11,selected,induction,0.06656206878081489,0.056271999156127774,0.0784999597197915,0.43499570203130133,1.0
,,layer_12.head_12,selected,rescue,0.030485779823069076,0.02252309910392646,0.03872341647113246,0.043447950678621616,1.0
,,layer_12.head_12,selected,induction,0.12716578526745817,0.10964318487885097,0.1474123111070149,0.40871607151348144,1.0
,,layer_09.mlp,selected,rescue,0.002511853616249099,0.00018022987311391682,0.004956994270931316,0.03131759816121438,0.671875
,,layer_09.mlp,selected,induction,0.15222912488836582,0.12665810963663973,0.18060803654209714,0.3978478386234201,0.96875
,,layer_12.head_03,selected,rescue,0.015333770312671538,0.011356205877809037,0.019560524183520868,0.03687757455946894,1.0
,,layer_12.head_03,selected,induction,0.10260786736806665,0.09024842988132986,0.11618991332844102,0.41936513804103015,1.0
,,layer_09.head_04,selected,rescue,0.0029892216471349223,0.0005514983214872681,0.006059237219127278,0.03152459958290876,0.453125
,,layer_09.head_04,selected,induction,0.08150994080275734,0.0681505813459066,0.09640211639960186,0.428513846189162,1.0
,,layer_11.head_14,selected,rescue,0.002982285701838945,0.0021167355602246364,0.0038930311714153515,0.03152159194426485,0.953125
,,layer_11.head_14,selected,induction,0.01620035870503091,0.011948681663143354,0.020911431007333777,0.4568340843907208,0.9375
,,layer_12.head_02,selected,rescue,0.0024862077288363743,0.0016933468304119429,0.003438295490316342,0.03130647731773184,0.984375
,,layer_12.head_02,selected,induction,0.013699444611482363,0.011597234062127931,0.016005607945235208,0.4579185574584699,0.953125
,,layer_09.head_13,selected,rescue,0.003475980642585107,0.0024573058065606996,0.004650923235179538,0.031735673214910776,0.921875
,,layer_09.head_13,selected,induction,0.03468962049986505,0.029002556401365696,0.04120329729239013,0.44881657330915914,0.984375
,,layer_11.head_15,selected,rescue,1.9431916050430912e-05,-0.00052209881773395,0.0005216289600847038,0.030236807655730225,0.75
,,layer_11.head_15,selected,induction,0.02381608773308771,0.019845920260498546,0.02864899258351002,0.45353167066787137,0.984375
,,layer_10.head_13,random_control,rescue,-0.011356732222317378,-0.015149566217585881,-0.007925707548999614,0.02530375391582851,0.0
,,layer_10.head_13,random_control,induction,-0.023457354083729474,-0.029953888443511437,-0.018159377601324647,0.47403088517603464,0.078125
,,layer_09.head_15,random_control,rescue,0.0011751592708488595,0.0002812403855590399,0.0019998441034900214,0.030737966489283508,0.84375
,,layer_09.head_15,random_control,induction,0.019192470626516214,0.01573329340011741,0.023172668161384524,0.45553661287704017,1.0
,,layer_10.head_14,random_control,rescue,-0.0012738444454827146,-0.0021303521540378197,-0.0005346602548353612,0.029676003353472424,0.46875
,,layer_10.head_14,random_control,induction,-0.013771916169098846,-0.016821299405268244,-0.011061162219248806,0.46983098219061503,0.09375
,,layer_11.head_00,random_control,rescue,0.00022359138827279514,6.088889433529376e-05,0.00037298895380987975,0.030325337465579416,0.765625
,,layer_11.head_00,random_control,induction,6.947614233182643e-05,-0.001214035497294437,0.00123473224754193,0.46382892989277025,0.578125
,,layer_12.head_11,random_control,rescue,-0.0015350736152746315,-0.0021745257954372513,-0.000970101176022096,0.029562726372115655,0.25
,,layer_12.head_11,random_control,induction,0.00011676265361937399,-0.0017291551552384324,0.0021020054789898813,0.46380842501093866,0.546875
,,layer_10.head_08,random_control,rescue,-0.0003586480846974928,-0.0005308421907404794,-0.00020866237245968503,0.030072860569613447,0.1875
,,layer_10.head_08,random_control,induction,-0.0008327285868370735,-0.001677333173622894,-2.5511162162901885e-05,0.46422015353891766,0.453125
,,layer_12.head_05,random_control,rescue,0.0009487988801369464,0.00055761646237313,0.00139490516053038,0.030639809680153007,0.796875
,,layer_12.head_05,random_control,induction,0.0037943757992564436,0.00258758746470917,0.00506627312496596,0.46221369913837407,0.75
,,layer_09.head_07,random_control,rescue,0.0006576123930643775,0.000397132906227134,0.000983366385173768,0.030513542287067708,0.828125
,,layer_09.head_07,random_control,induction,0.001251279263268966,0.00042628865226809884,0.0020923316183950836,0.4633164638071321,0.75
,,layer_11.head_05,random_control,rescue,-0.0007676182049713225,-0.0013590934367086228,-0.00021922797884300115,0.029895518580100422,0.34375
,,layer_11.head_05,random_control,induction,-0.019238628764597563,-0.02449213356018403,-0.015440526006497594,0.47220151646615705,0.03125
,,layer_11.head_03,random_control,rescue,0.00033805928370653297,0.00015559385890662195,0.0005343406803069179,0.030374974256399234,0.640625
,,layer_11.head_03,random_control,induction,-0.008680236295681487,-0.011078363017006,-0.006657801861855405,0.4676230736076832,0.046875
,,layer_12.head_15,random_control,rescue,0.0007149254086695831,0.00037050016217583597,0.0010319273671108753,0.030538394968739446,0.8125
,,layer_12.head_15,random_control,induction,0.0011761167901374785,0.00036600570355053497,0.002038936415649177,0.46334905656112824,0.65625
,,layer_10.head_04,random_control,rescue,-0.0005406903752094784,-0.0009807394178767872,-0.0001355823601554333,0.02999392144820945,0.5625
,,layer_10.head_04,random_control,induction,0.00827162162417294,0.006503140610734776,0.010230239156736898,0.4602722280069429,0.9375
,,layer_09.head_09,random_control,rescue,-0.0007396404690913306,-0.0013356959479548466,-0.00012459086860806904,0.02990765058460898,0.296875
,,layer_09.head_09,random_control,induction,0.03304960350800668,0.02758511145834584,0.03956244641878316,0.4495277349851676,1.0
,,layer_10.head_03,random_control,rescue,0.0007583888389270622,0.0004884412377996109,0.0010326366372061442,0.030557242045361477,0.890625
,,layer_10.head_03,random_control,induction,0.014045833960149879,0.011056510335564054,0.017797808958155043,0.4577683524112217,0.96875
,,layer_11.head_02,random_control,rescue,-0.0001483771295801178,-0.0002746143693838945,-2.9300147667290407e-05,0.0301640405059187,0.40625
,,layer_11.head_02,random_control,induction,-0.006364578679058683,-0.007889948161038747,-0.005036312348619774,0.4666189334311639,0.015625
,,layer_11.head_06,random_control,rescue,0.0017491338518278627,0.0012570277918313973,0.0023023705156878394,0.030986859474552375,0.953125
,,layer_11.head_06,random_control,induction,0.012032063522773744,0.010196777868781816,0.014201964577581352,0.45864158504627994,0.984375
